"code","name","state","district","subdivision","pop","tier","lat","lon","canonical"
"A-MALWA","Agar-malwa","MADHYA PRADESH","AGAR-MALWA","WEST MADHYA PRADESH",37917,3,23.8,76.05,true
"AAA","Ahmednagar","MAHARASHTRA","AHMEDNAGAR","MADHYA MAHARASHTRA",367140,2,19.08,74.8,true
"ABG","Alibag","MAHARASHTRA","RAIGAD","KONKAN & GOA",195373,3,18.63,72.87,true
"ABP","Ambikapur","CHHATTISGARH","SURGUJA","CHHATTISGARH",121071,3,23.17,83.25,true
"ADILABAD","Adilabad","TELANGANA","ADILABAD","TELANGANA",118526,3,19.55,78.57,true
"AGA","AGATTI","LAKSHADWEEP (UT)","LAKSHADWEEP","LAKSHADWEEP",11210,3,10.82,72.17,true
"AGB","Agumbe","KARNATAKA","SHIVAMOGGA","SOUTHERN INTERIOR KARNATAKA",322650,2,13.5,75.08,true
"AGD","Aurangabad","MAHARASHTRA","CHHATRAPATI SAMBHAJINAGAR","MARATHWADA",1175116,1,19.85,75.4,true
"AGR","MO Taj","UTTAR PRADESH","AGRA","WEST UTTAR PRADESH",1430055,1,27.17,78.03,true
"AGRA","Agra","UTTAR PRADESH","AGRA","WEST UTTAR PRADESH",1430055,1,27.08,78.04,true
"AGT","Agartala","TRIPURA","WEST TRIPURA","NMMT",400004,2,23.88,91.25,true
"AHM","Ahmedabad","GUJARAT","AHMEDABAD","GUJARAT REGION",6357693,0,23.07,72.63,true
"AHMEDABAD","Ahmedabad","GUJARAT","AHMEDABAD","GUJARAT REGION",6357693,0,22.9,72.32,false
"AHMEDNAGAR","Ahmednagar","MAHARASHTRA","AHMEDNAGAR","MADHYA MAHARASHTRA",367140,2,19.16,74.6,false
"AIZWAL","Aizawl","MIZORAM","AIZAWL","NMMT",293416,2,23.84,92.92,false
"AJM","Ajmer","RAJASTHAN","AJMER","EAST RAJASTHAN",542321,2,26.45,74.62,true
"AJMER","Ajmer","RAJASTHAN","AJMER","EAST RAJASTHAN",542321,2,26.31,74.64,false
"AKL","Akola","MAHARASHTRA","AKOLA","VIDARBHA",428857,2,20.7,77.07,true
"AKOLA","Akola","MAHARASHTRA","AKOLA","VIDARBHA",428857,2,20.76,77.15,false
"ALA","Alappuzha","KERALA","ALAPUZHA","KERALA & MAHE",240991,2,9.55,76.42,true
"ALAPPUZHA","Alapuzha","KERALA","ALAPUZHA","KERALA & MAHE",240991,2,9.49,76.49,true
"ALB","ALLAHABAD","UTTAR PRADESH","PRAYAGRAJ","EAST UTTAR PRADESH",1073438,1,25.45,81.73,true
"ALD","Adilabad\r\n","TELANGANA","ADILABAD","TELANGANA",118526,3,19.65,78.53,true
"ALG","Aligarh","UTTAR PRADESH","ALIGARH","WEST UTTAR PRADESH",753207,2,27.88,78.07,true
"ALIGARH","Aligarh","UTTAR PRADESH","ALIGARH","WEST UTTAR PRADESH",753207,2,27.88,78.05,false
"ALIRAJPUR","Alirajpur","MADHYA PRADESH","ALIRAJPUR","WEST MADHYA PRADESH",28498,3,22.28,74.39,true
"ALJ","Alirajpur","MADHYA PRADESH","ALIRAJPUR","WEST MADHYA PRADESH",28498,3,22.28,74.4,false
"ALMORA","Almora","UTTARAKHAND","ALMORA","UTTARAKHAND",32442,3,29.7,79.56,true
"ALN","Along","ARUNACHAL PRADESH","WEST SIANG","ARUNACHAL PRADESH",20684,3,28.16,94.8,true
"ALP","Kolkata","WEST BENGAL","KOLKATA","GANGETIC WEST BENGAL",4631392,1,22.53,88.33,true
"ALW","Alwar","RAJASTHAN","ALWAR","EAST RAJASTHAN",322568,2,27.5,76.58,true
"ALWAR","Alwar","RAJASTHAN","ALWAR","EAST RAJASTHAN",322568,2,27.64,76.67,false
"AMB","Ambala","HARYANA","AMBALA","DELHI, HARYANA AND CHANDIGARH",195153,3,30.38,76.77,true
"AMBALA","Ambala","HARYANA","AMBALA","DELHI, HARYANA AND CHANDIGARH",195153,3,30.33,76.88,false
"AMBEDKAR","Ambedkar Nagar","UTTAR PRADESH","AMBEDKAR NAGAR","EAST UTTAR PRADESH",88073,3,26.43,82.7,true
"AMETHI","Amethi","UTTAR PRADESH","AMETHI","EAST UTTAR PRADESH",25726,3,26.35,81.63,true
"AML","Amreli","GUJARAT","AMRELI","SAURASHTRA & KUTCH",117967,3,21.6,71.22,true
"AMN","Amini Divi","LAKSHADWEEP (UT)","LAKSHADWEEP","LAKSHADWEEP",11210,3,11.12,72.73,true
"AMR","Amritsar","PUNJAB","AMRITSAR","PUNJAB",1159227,1,31.63,74.87,true
"AMRAVATI","Amraoti","MAHARASHTRA","AMRAOTI","VIDARBHA",647057,2,21.16,77.54,true
"AMRELI","Amreli","GUJARAT","AMRELI","SAURASHTRA & KUTCH",117967,3,21.37,71.2,false
"AMRITSAR","Amritsar","PUNJAB","AMRITSAR","PUNJAB",1159227,1,31.76,74.94,false
"AMT","Amravati","MAHARASHTRA","AMRAOTI","VIDARBHA",647057,2,20.93,77.78,true
"ANAND","Anand","GUJARAT","ANAND","GUJARAT REGION",209410,2,22.44,72.78,true
"ANANTNAG","Anantnag","JAMMU & KASHMIR (UT)","ANANTNAG","JAMMU & KASHMIR AND LADAKH",150592,3,33.67,75.17,true
"ANANTPUR","Sri Sathyasai District","ANDHRA PRADESH","SRI SATHYASAI DISTRICT","RAYALSEEMA",151677,3,14.45,77.62,true
"ANATNAG","Anantnag","JAMMU & KASHMIR (UT)","ANANTNAG","JAMMU & KASHMIR AND LADAKH",150592,3,33.59,75.38,false
"ANDAMAN","South Andaman","ANDAMAN & NICOBAR ISLANDS (UT)","SOUTH ANDAMAN","ANDAMAN & NICOBAR ISLANDS",112050,3,11.41,93.04,true
"ANG","Angul","ODISHA","ANGUL","ODISHA",44386,3,20.83,85.1,true
"ANGUL","Angul","ODISHA","ANGUL","ODISHA",44386,3,20.9,84.83,false
"ANJAW","Anjaw","ARUNACHAL PRADESH","ANJAW","ARUNACHAL PRADESH",982,3,28.04,96.85,true
"ANP","Anupgarh","RAJASTHAN","SRI GANGANAGAR","WEST RAJASTHAN",237780,2,29.17,73.17,true
"ANT","Anantapuramu","ANDHRA PRADESH","ANANTAPURAMU","RAYALSEEMA",267161,2,14.68,77.62,true
"ANUPPUR","Anuppur","MADHYA PRADESH","ANUPPUR","EAST MADHYA PRADESH",32682,3,23.03,81.66,true
"ARA","Arrah","BIHAR","BHOJPUR","BIHAR",261430,2,25.57,84.67,true
"ARARIA","Araria","BIHAR","ARARIA","BIHAR",79021,3,26.26,87.37,true
"ARAVALLI","Aravalli","GUJARAT","ARAVALLI","GUJARAT REGION",67648,3,23.49,73.42,true
"ARIYALUR","Ariyalur","TAMILNADU","ARIYALUR","TAMILNADU, PUDUCHERRY & KARAIKAL",33945,3,11.15,79.23,false
"ARP","ATIRAMAPATTINAM","TAMILNADU","THANJAVUR","TAMILNADU, PUDUCHERRY & KARAIKAL",291067,2,10.33,79.38,true
"ART","Lakshadweep","LAKSHADWEEP (UT)","LAKSHADWEEP","LAKSHADWEEP",11210,3,10.8,73.68,true
"ARV","AROGYAVARAM","ANDHRA PRADESH","ANNAMAYYA DISTRICT","RAYALSEEMA",180180,3,13.53,78.5,true
"ARWAL","Rohtas","BIHAR","ROHTAS","BIHAR",147408,3,25.18,84.38,true
"ASHOKNAGAR","Ashoknagar","MADHYA PRADESH","ASHOKNAGAR","WEST MADHYA PRADESH",81828,3,24.62,77.88,true
"AUGUSTMUNI","Augustmuni","UTTARAKHAND","RUDRAPRAYAG","UTTARAKHAND",,,30.39,79.02,true
"AURAIYA","Auraiya","UTTAR PRADESH","AURAIYA","WEST UTTAR PRADESH",70508,3,26.66,79.5,true
"AURANGABAD","Aurangabad","BIHAR","AURANGABAD","BIHAR",102244,3,24.81,84.38,true
"AVADI","Avadi","TAMILNADU","THIRUVALLUR","TAMILNADU, PUDUCHERRY & KARAIKAL",345996,2,13.12,80.08,true
"AYL","Ariyalur","TAMILNADU","ARIYALUR","TAMILNADU, PUDUCHERRY & KARAIKAL",33945,3,11.23,79.29,true
"AZAMGARH","Azamgarh","UTTAR PRADESH","AZAMGARH","EAST UTTAR PRADESH",116644,3,26.05,83.09,false
"AZG","Azamgarh","UTTAR PRADESH","AZAMGARH","EAST UTTAR PRADESH",116644,3,26.05,83.22,true
"AZL","Aizawl","MIZORAM","AIZAWL","NMMT",293416,2,23.73,92.71,true
"Airport_IMD","Ahmedabad","GUJARAT","AHMEDABAD","GUJARAT REGION",6357693,0,23.0768,72.6279,false
"BABATPUR","Babatpur","UTTAR PRADESH","BHADOHI","EAST UTTAR PRADESH",200000,2,25.26,82.51,true
"BADAYUN","Badaun","UTTAR PRADESH","BADAUN","WEST UTTAR PRADESH",161555,3,28.06,78.89,true
"BADGAM","Badgam","JAMMU & KASHMIR (UT)","BADGAM","JAMMU & KASHMIR AND LADAKH",104000,3,33.86,74.66,true
"BADRADRI","B. Kothagudem","TELANGANA","B. KOTHAGUDEM","TELANGANA",80199,3,17.72,80.76,true
"BADRINATH","Badrinath","UTTARAKHAND","CHAMOLI","UTTARAKHAND",,,30.74,79.49,true
"BADWANI","Barwani","MADHYA PRADESH","BARWANI","WEST MADHYA PRADESH",56485,3,21.75,75.03,true
"BAG","BAGATI","WEST BENGAL","HOOGHLY","GANGETIC WEST BENGAL",441956,2,22.98,88.37,true
"BAGALKOT","Bagalkot","KARNATAKA","BAGALKOTE","NORTHERN INTERIOR KARNATAKA",111933,3,16.17,75.65,true
"BAGALKOTE","Bagalkote","KARNATAKA","BAGALKOTE","NORTHERN INTERIOR KARNATAKA",111933,3,16.29,75.66,true
"BAGESHWAR","Bageshwar","UTTARAKHAND","BAGESHWAR","UTTARAKHAND",,,29.9,79.82,true
"BAGHPAT","Baghpat","UTTAR PRADESH","BAGHPAT","WEST UTTAR PRADESH",93544,3,29.04,77.32,true
"BAHRAICH","Bahraich","UTTAR PRADESH","BAHRAICH","EAST UTTAR PRADESH",182218,3,27.73,81.4,false
"BAKSHA","Baksa","ASSAM","BAKSA","ASSAM & MEGHALAYA",0,3,26.65,91.31,true
"BALAGHAT","Balaghat","MADHYA PRADESH","BALAGHAT","EAST MADHYA PRADESH",84261,3,21.86,80.28,true
"BALAGIR","Balangir","ODISHA","BALANGIR","ODISHA",98238,3,20.61,83.18,true
"BALASORE","Balasore","ODISHA","BALASORE","ODISHA",144373,3,21.28,86.68,false
"BALLIA","Ballia","UTTAR PRADESH","BALLIA","EAST UTTAR PRADESH",31876,3,25.88,84.16,false
"BALOD","Balod","CHHATTISGARH","BALOD","CHHATTISGARH",44363,3,20.7,81.18,true
"BALODABAZAR","Baloda Bazar","CHHATTISGARH","BALODA BAZAR","CHHATTISGARH",57537,3,21.54,82.32,true
"BALRAMPUR","Balrampur","CHHATTISGARH","BALRAMPUR","CHHATTISGARH",4456,3,23.85,83.35,true
"BALTAL","Baltal","LADAKH (UT)","KARGIL","JAMMU & KASHMIR AND LADAKH",25000,3,34.26,75.42,true
"BANASKANTHA","Banaskantha","GUJARAT","BANASKANTHA","GUJARAT REGION",141592,3,24.27,72.15,true
"BANDA","Banda","UTTAR PRADESH","BANDA","EAST UTTAR PRADESH",152218,3,25.44,80.57,false
"BANGALORE-RURAL","Bengaluru Rural","KARNATAKA","BENGALURU RURAL","SOUTHERN INTERIOR KARNATAKA",93105,3,13.27,77.57,true
"BANKA","Banka","BIHAR","BANKA","BIHAR",45977,3,24.83,86.83,true
"BANSWARA","Banswara","RAJASTHAN","BANSWARA","EAST RAJASTHAN",101017,3,23.49,74.36,false
"BARABANKI","Barabanki","UTTAR PRADESH","BARABANKI","EAST UTTAR PRADESH",79246,3,26.94,81.33,true
"BARAGARH","Bargarh","ODISHA","BARGARH","ODISHA",80625,3,21.24,83.55,true
"BARAMULLAH","Baramula","JAMMU & KASHMIR (UT)","BARAMULA","JAMMU & KASHMIR AND LADAKH",77276,3,34.1,74.42,true
"BARAN","Baran","RAJASTHAN","BARAN","EAST RAJASTHAN",117992,3,24.92,76.82,true
"BAREILLY","Bareilly","UTTAR PRADESH","BAREILLY","WEST UTTAR PRADESH",745435,2,28.45,79.38,false
"BARKOT","Barkot","UTTARAKHAND","UTTARKASHI","UTTARAKHAND",17123,3,30.81,78.21,true
"BARMER","Barmer","RAJASTHAN","BARMER","WEST RAJASTHAN",96225,3,25.58,71.47,false
"BARNALA","Barnala","PUNJAB","BARNALA","PUNJAB",116449,3,30.39,75.5,true
"BARODA","Vadodara","GUJARAT","VADODARA","GUJARAT REGION",1822221,1,22.31,73.27,false
"BARPETA","Barpeta","ASSAM","BARPETA","ASSAM & MEGHALAYA",48824,3,26.43,91.09,true
"BASTER","Bastar","CHHATTISGARH","BASTAR","CHHATTISGARH",125463,3,19.14,81.77,true
"BASTI","Basti","UTTAR PRADESH","BASTI","EAST UTTAR PRADESH",115115,3,26.76,82.6,true
"BAUDA","Boudh","ODISHA","BOUDH","ODISHA",20424,3,20.75,84.18,true
"BBS","Bhubneshwar-Airport","ODISHA","KHURDA","ODISHA",885363,2,20.25,85.83,true
"BDA","Banda","UTTAR PRADESH","BANDA","EAST UTTAR PRADESH",152218,3,25.47,80.37,true
"BDG","SILIGURI","WEST BENGAL","DARJEELING","SHWB & SIKKIM",515574,2,26.63,88.32,true
"BDI","Bundi","RAJASTHAN","BUNDI","EAST RAJASTHAN",104919,3,25.45,75.63,true
"BDN","Buldhana","MAHARASHTRA","BULDHANA","VIDARBHA",94604,3,20.53,76.23,true
"BDS","Bulandshahar","UTTAR PRADESH","BULANDSHAHAR","WEST UTTAR PRADESH",198612,3,28.4,77.87,true
"BDU","Badaun","UTTAR PRADESH","BADAUN","WEST UTTAR PRADESH",161555,3,28.05,79.12,false
"BEGUSARAI","Begusarai","BIHAR","BEGUSARAI","BIHAR",252008,2,25.51,86.13,true
"BELGAUM","Belagavi","KARNATAKA","BELAGAVI","NORTHERN INTERIOR KARNATAKA",490045,2,16.16,74.77,false
"BELLARY","Ballari","KARNATAKA","BALLARI","SOUTHERN INTERIOR KARNATAKA",410445,2,15.19,76.42,true
"BEMATARA","Bemetara","CHHATTISGARH","BEMETARA","CHHATTISGARH",28536,3,21.65,81.45,true
"BETUL","Betul","MADHYA PRADESH","BETUL","WEST MADHYA PRADESH",103330,3,21.88,77.78,false
"BGK","Belagavi","KARNATAKA","BELAGAVI","NORTHERN INTERIOR KARNATAKA",490045,2,16.7,75.25,false
"BGP","Bhagalpur","BIHAR","BHAGALPUR","BIHAR",400146,2,25.23,86.95,true
"BGT","BALURGHAT","WEST BENGAL","SOUTH DINAJPUR","SHWB & SIKKIM",153279,3,25.22,88.78,true
"BHABUA","Bhabua","BIHAR","BHABUA","BIHAR",50179,3,24.98,83.61,true
"BHADRAK","Bhadrak","ODISHA","BHADRAK","ODISHA",121338,3,20.99,86.62,true
"BHAGALPUR","Bhagalpur","BIHAR","BHAGALPUR","BIHAR",400146,2,25.28,87.1,false
"BHANDARA","Bhandara","MAHARASHTRA","BHANDARA","VIDARBHA",91845,3,21.12,79.77,true
"BHARATPUR","Bharatpur","RAJASTHAN","BHARATPUR","EAST RAJASTHAN",252838,2,27.06,77.32,false
"BHATINDA","Bhatinda","PUNJAB","BHATINDA","PUNJAB",285788,2,30.18,75,false
"BHATWARI","Bhatwari","UTTARAKHAND","UTTARKASHI","UTTARAKHAND",17123,3,30.81,78.61,true
"BHAVNAGAR","Bhavnagar","GUJARAT","BHAVNAGAR","SAURASHTRA & KUTCH",605882,2,21.67,71.95,false
"BHILWARA","Bhilwara","RAJASTHAN","BHILWARA","EAST RAJASTHAN",359483,2,25.49,74.74,false
"BHIND","Bhind","MADHYA PRADESH","BHIND","WEST MADHYA PRADESH",197585,3,26.35,78.68,false
"BHIWANI","Bhiwani","HARYANA","BHIWANI","DELHI, HARYANA AND CHANDIGARH",196057,3,28.73,75.98,true
"BHJ","Bhuj","GUJARAT","KUTCH","SAURASHTRA & KUTCH",247992,2,23.25,69.67,true
"BHOJPUR","Bhojpur","BIHAR","BHOJPUR","BIHAR",261430,2,25.45,84.57,true
"BHOPAL","Bhopal","MADHYA PRADESH","BHOPAL","WEST MADHYA PRADESH",1798218,1,23.49,77.41,false
"BHP","Bhopal","MADHYA PRADESH","BHOPAL","WEST MADHYA PRADESH",1798218,1,23.28,77.35,true
"BHU","Bhavnagar","GUJARAT","BHAVNAGAR","SAURASHTRA & KUTCH",605882,2,21.75,72.2,true
"BHUNTAR","KULLU-MANALI","HIMACHAL PRADESH","KULLU","HIMACHAL PRADESH",19831,3,31.87,77.15,true
"BID","Beed","MAHARASHTRA","BEED","MARATHWADA",146709,3,18.94,75.77,false
"BIDAR","Bidar","KARNATAKA","BIDAR","NORTHERN INTERIOR KARNATAKA",216020,2,18.03,77.18,true
"BIJAPUR","Vijayapura","KARNATAKA","VIJAYAPURA","NORTHERN INTERIOR KARNATAKA",327427,2,16.81,75.9,false
"BIJNORE","Bijnor","UTTAR PRADESH","BIJNOR","WEST UTTAR PRADESH",84593,3,29.41,78.46,false
"BIKANER","Bikaner","RAJASTHAN","BIKANER","WEST RAJASTHAN",644406,2,28.12,73.13,false
"BIL","Bilaspur","HIMACHAL PRADESH","BILASPUR","HIMACHAL PRADESH",,,31.25,76.67,true
"BILASPUR","Gaurela-pendra-marwahi","CHHATTISGARH","GAURELA-PENDRA-MARWAHI","CHHATTISGARH",18165,3,22.62,82,true
"BILASPUR-HP","Bilaspur","HIMACHAL PRADESH","BILASPUR","HIMACHAL PRADESH",,,31.35,76.66,false
"BIR","Beed","MAHARASHTRA","BEED","MARATHWADA",146709,3,19,75.72,true
"BIRBHUM","Birbhum","WEST BENGAL","BIRBHUM","GANGETIC WEST BENGAL",70998,3,23.85,87.56,true
"BISHNUPUR","Bishnupur","MANIPUR","BISHNUPUR","NMMT",22512,3,24.51,93.8,true
"BISWANATH","Sonitpur","ASSAM","SONITPUR","ASSAM & MEGHALAYA",75540,3,26.89,93.42,true
"BITRA","Bitra","LAKSHADWEEP (UT)","LAKSHADWEEP","LAKSHADWEEP",11210,3,11.55,72.15,true
"BJC_CHA","Bijapur","CHHATTISGARH","BIJAPUR","CHHATTISGARH",16129,3,18.77,80.74,true
"BJP","Vijayapura","KARNATAKA","VIJAYAPURA","NORTHERN INTERIOR KARNATAKA",327427,2,16.82,75.72,true
"BKN","Bikaner","RAJASTHAN","BIKANER","WEST RAJASTHAN",644406,2,28,73.3,true
"BLA","Ballia","UTTAR PRADESH","BALLIA","EAST UTTAR PRADESH",31876,3,25.75,84.17,true
"BLD","Dantewada","CHHATTISGARH","DANTEWADA","CHHATTISGARH",21435,3,18.71,81.23,true
"BLG","Belagavi","KARNATAKA","BELAGAVI","NORTHERN INTERIOR KARNATAKA",490045,2,15.85,74.62,true
"BLN","Chikkamagaluru","KARNATAKA","CHIKKAMAGALURU","SOUTHERN INTERIOR KARNATAKA",121484,3,13.37,75.45,true
"BLR","Bolangir","ODISHA","BALANGIR","ODISHA",98238,3,20.7,83.5,true
"BLS","Balasore","ODISHA","BALASORE","ODISHA",144373,3,21.52,86.93,true
"BLW","Bhilwara","RAJASTHAN","BHILWARA","EAST RAJASTHAN",359483,2,25.35,74.63,true
"BLY","Ballari","KARNATAKA","BALLARI","SOUTHERN INTERIOR KARNATAKA",410445,2,15.15,76.85,false
"BMB","Mumbai (Santacruz)","MAHARASHTRA","MUMBAI SUBURBAN","KONKAN & GOA",12691836,0,19.12,72.83,true
"BMD","East Kameng","ARUNACHAL PRADESH","EAST KAMENG","ARUNACHAL PRADESH",18350,3,27.42,92.85,true
"BMP","Brahmapuri","MAHARASHTRA","CHANDRAPUR","VIDARBHA",328351,2,20.6,79.85,true
"BMT","BARAMATI","MAHARASHTRA","PUNE","MADHYA MAHARASHTRA",3124458,1,18.15,74.58,true
"BND","Bhind","MADHYA PRADESH","BHIND","WEST MADHYA PRADESH",197585,3,26.57,78.8,true
"BNG","Bengaluru","KARNATAKA","BENGALURU URBAN","SOUTHERN INTERIOR KARNATAKA",8495492,0,12.97,77.58,true
"BNG-URBAN","Bengaluru Rural","KARNATAKA","BENGALURU RURAL","SOUTHERN INTERIOR KARNATAKA",93105,3,12.94,77.78,false
"BNK","Bankura","WEST BENGAL","BANKURA","GANGETIC WEST BENGAL",133966,3,23.25,87.05,true
"BNL","Banihal","JAMMU & KASHMIR (UT)","RAMBAN","JAMMU & KASHMIR AND LADAKH",,,33.43,75.19,true
"BNT","Kullu","HIMACHAL PRADESH","MANDI","HIMACHAL PRADESH",28217,3,31.83,77.17,true
"BOKARO","Bokaro","JHARKHAND","BOKARO","JHARKHAND",564319,2,23.69,86.01,true
"BONGAIGAON","Bongaigaon","ASSAM","BONGAIGAON","ASSAM & MEGHALAYA",67322,3,26.35,90.62,true
"BOTAD","Botad","GUJARAT","BOTAD","SAURASHTRA & KUTCH",130327,3,22.15,71.75,true
"BPD","Baripada","ODISHA","MAYURBHANJ","ODISHA",116849,3,21.93,86.77,true
"BPT","Bapatla","ANDHRA PRADESH","BAPATLA","COASTAL ANDHRA PRADESH & YANAM",92942,3,15.9,80.47,true
"BRA","Raigad","MAHARASHTRA","RAIGAD","KONKAN & GOA",195373,3,18.45,73.4,true
"BRC","Bahraich","UTTAR PRADESH","BAHRAICH","EAST UTTAR PRADESH",182218,3,27.57,81.6,true
"BRD","Vadodara","GUJARAT","VADODARA","GUJARAT REGION",1822221,1,22.3,73.25,true
"BRH","Bharuch","GUJARAT","BHARUCH","GUJARAT REGION",169007,3,21.73,73,true
"BRL","Bareilly","UTTAR PRADESH","BAREILLY","WEST UTTAR PRADESH",745435,2,28.37,79.4,true
"BRM","Barmer","RAJASTHAN","BARMER","WEST RAJASTHAN",96225,3,25.75,71.38,true
"BROACH","Bharuch","GUJARAT","BHARUCH","GUJARAT REGION",169007,3,21.73,73,false
"BRP","Baharampur","WEST BENGAL","MURSHIDABAD","GANGETIC WEST BENGAL",180547,3,24.13,88.27,true
"BRT","Bharatpur","RAJASTHAN","BHARATPUR","EAST RAJASTHAN",252838,2,27.22,77.5,true
"BST","Basti","UTTAR PRADESH","BASTI","EAST UTTAR PRADESH",115115,3,26.8,82.73,false
"BSW","Banswara","RAJASTHAN","BANSWARA","EAST RAJASTHAN",101017,3,23.55,74.45,true
"BTD","Bhatinda","PUNJAB","BHATINDA","PUNJAB",285788,2,30.21,74.94,true
"BTL","Betul","MADHYA PRADESH","BETUL","WEST MADHYA PRADESH",103330,3,21.87,77.93,true
"BTT","Udhampur","JAMMU & KASHMIR (UT)","UDHAMPUR","JAMMU & KASHMIR AND LADAKH",84015,3,33.07,75.19,true
"BUL","BULSAR","GUJARAT","VALSAD","GUJARAT REGION",163630,3,20.62,72.93,true
"BULANDSHAHR","Bulandshahar","UTTAR PRADESH","BULANDSHAHAR","WEST UTTAR PRADESH",198612,3,28.39,78.07,false
"BULDHANA","Buldhana","MAHARASHTRA","BULDHANA","VIDARBHA",94604,3,20.57,76.38,false
"BUNDI","Bundi","RAJASTHAN","BUNDI","EAST RAJASTHAN",104919,3,25.44,75.79,false
"BURDWAN","Purba Bardhaman","WEST BENGAL","PURBA BARDHAMAN","GANGETIC WEST BENGAL",301725,2,23.4,87.75,true
"BURHANPUR","Burhanpur","MADHYA PRADESH","BURHANPUR","WEST MADHYA PRADESH",210886,2,21.33,76.37,true
"BUXAR","Buxar","BIHAR","BUXAR","BIHAR",102861,3,25.51,84.08,true
"BWN","Burdwan","WEST BENGAL","PURBA BARDHAMAN","GANGETIC WEST BENGAL",301725,2,23.23,87.85,true
"BWP","BHAWANIPATNA","ODISHA","KALAHANDI","ODISHA",69045,3,19.92,83.18,true
"Bihta_bihar","Patna","BIHAR","PATNA","BIHAR",1684297,1,25.557,84.8917,false
"CACHER","Cachar","ASSAM","CACHAR","ASSAM & MEGHALAYA",178865,3,24.76,92.86,true
"CAVE","Kargil","LADAKH (UT)","KARGIL","JAMMU & KASHMIR AND LADAKH",25000,3,34.22,75.51,true
"CBL","Chandbali","ODISHA","BHADRAK","ODISHA",121338,3,20.78,86.73,true
"CBS","West Singhbhum","JHARKHAND","WEST SINGHBHUM","JHARKHAND",69565,3,22.55,85.82,true
"CDL","CUDDALORE","TAMILNADU","CUDDALORE","TAMILNADU, PUDUCHERRY & KARAIKAL",179150,3,11.77,79.77,true
"CDP","Cuddappah","ANDHRA PRADESH","YSR DISTRICT","RAYALSEEMA",344893,2,14.48,78.83,true
"CENTRAL-DELHI","Central Delhi","DELHI (UT)","CENTRAL DELHI","DELHI, HARYANA AND CHANDIGARH",11034555,0,28.67,77.22,true
"CENTRAL-SIKKIM","Mangan","SIKKIM","MANGAN","SHWB & SIKKIM",,,27.6,88.51,true
"CHA","Chapra","BIHAR","SARAN","BIHAR",202352,2,25.78,84.73,true
"CHAMARAJNAGAR","Chamarajanagar","KARNATAKA","CHAMARAJANAGAR","SOUTHERN INTERIOR KARNATAKA",69875,3,11.94,77.09,true
"CHAMBA","Chamba","HIMACHAL PRADESH","CHAMBA","HIMACHAL PRADESH",21502,3,32.69,76.34,true
"CHAMPAWAT","Champawat","UTTARAKHAND","CHAMPAWAT","UTTARAKHAND",16905,3,29.29,80.06,true
"CHAMPHAI","Champhai","MIZORAM","CHAMPHAI","NMMT",32734,3,23.54,93.23,true
"CHANDAULI","Bhabua","BIHAR","BHABUA","BIHAR",50179,3,25.22,83.49,false
"CHANDEL","Chandel","MANIPUR","CHANDEL","NMMT",16847,3,24.1,94.07,true
"CHANDIGARH","Chandigarh","CHANDIGARH (UT)","CHANDIGARH","DELHI, HARYANA AND CHANDIGARH",970602,2,30.73,76.77,true
"CHANDRAPUR","Chandrapur","MAHARASHTRA","CHANDRAPUR","VIDARBHA",328351,2,20.09,79.4,false
"CHANGLANG","Changlang","ARUNACHAL PRADESH","CHANGLANG","ARUNACHAL PRADESH",,,27.47,96.4,true
"CHARAIDEO","Sibsagar","ASSAM","SIBSAGAR","ASSAM & MEGHALAYA",62104,3,27.07,95.07,true
"CHARKHI-DADRI","Charkhi Dadri","HARYANA","CHARKHI DADRI","DELHI, HARYANA AND CHANDIGARH",56337,3,28.6,76.15,true
"CHATRAI","Chatra","JHARKHAND","CHATRA","JHARKHAND",49985,3,24.1,84.9,true
"CHB","Coochbehar","WEST BENGAL","COOCH BEHAR","SHWB & SIKKIM",78737,3,26.33,89.47,true
"CHD","Chandigarh","HARYANA","PANCHKULA","DELHI, HARYANA AND CHANDIGARH",211355,2,30.73,76.88,true
"CHEMBARAPAKKAM","Chembarapakkam","TAMILNADU","THIRUVALLUR","TAMILNADU, PUDUCHERRY & KARAIKAL",345996,2,13.02,80.04,true
"CHENNAI","Chennai","TAMILNADU","CHENNAI","TAMILNADU, PUDUCHERRY & KARAIKAL",4681087,1,13.07,80.25,false
"CHETLAT","Chetlat","LAKSHADWEEP (UT)","LAKSHADWEEP","LAKSHADWEEP",11210,3,11.69,72.7,true
"CHHATARPUR","Chhatarpur","MADHYA PRADESH","CHHATARPUR","EAST MADHYA PRADESH",142128,3,24.76,79.71,true
"CHHINDWARA","Chhindwara","MADHYA PRADESH","CHHINDWARA","EAST MADHYA PRADESH",175052,3,22.14,78.83,false
"CHIKBALLAPUR","Chikaballapura","KARNATAKA","CHIKABALLAPURA","SOUTHERN INTERIOR KARNATAKA",76068,3,13.59,77.79,true
"CHIKMAGALUR","Chikkamagaluru","KARNATAKA","CHIKKAMAGALURU","SOUTHERN INTERIOR KARNATAKA",121484,3,13.4,75.72,false
"CHILAS","Ladakh (LEH)","LADAKH (UT)","LADAKH (LEH)","JAMMU & KASHMIR AND LADAKH",37475,3,35.3,74.25,true
"CHINYALISOUR","Chinyalisour","UTTARAKHAND","GARHWAL TEHRI","UTTARAKHAND",27611,3,30.57,78.32,true
"CHIRANG","Chirang","ASSAM","CHIRANG","ASSAM & MEGHALAYA",,,26.65,90.65,true
"CHITRADURGA","Chitradurga","KARNATAKA","CHITRADURGA","SOUTHERN INTERIOR KARNATAKA",145853,3,14.31,76.53,false
"CHITRAKUT","Chitrakoot","UTTAR PRADESH","CHITRAKOOT","EAST UTTAR PRADESH",23316,3,25.22,81.12,true
"CHITTAURGARH","Chittorgarh","RAJASTHAN","CHITTORGARH","EAST RAJASTHAN",116406,3,24.92,74.76,false
"CHITTOOR","Chittoor","ANDHRA PRADESH","CHITTOOR","RAYALSEEMA",160722,3,13.31,79.06,true
"CHM","Joshimath","UTTARAKHAND","CHAMOLI","UTTARAKHAND",,,30.4,79.33,true
"CHN","Kochi","KERALA","ERNAKULAM","KERALA & MAHE",851406,2,9.95,76.27,true
"CHOTA-UDEPUR","Chhota Udepur","GUJARAT","CHHOTA UDEPUR","GUJARAT REGION",25787,3,22.22,73.89,true
"CHP","Janjgir","CHHATTISGARH","JANJGIR","CHHATTISGARH",45256,3,22.03,82.7,true
"CHT","Chitradurga","KARNATAKA","CHITRADURGA","SOUTHERN INTERIOR KARNATAKA",145853,3,14.23,76.43,true
"CHURACHANDPUR","Churachandpur","MANIPUR","CHURACHANDPUR","NMMT",47774,3,24.28,93.43,true
"CHURU","Churu","RAJASTHAN","CHURU","WEST RAJASTHAN",183808,3,28.4,74.76,false
"CHW","CHHINDWARA","MADHYA PRADESH","CHHINDWARA","EAST MADHYA PRADESH",175052,3,22.1,79,true
"CKG","Chickmaglur","KARNATAKA","CHIKKAMAGALURU","SOUTHERN INTERIOR KARNATAKA",121484,3,13.25,75.75,true
"CLB","Mumbai","MAHARASHTRA","MUMBAI CITY","KONKAN & GOA",700000,2,18.9,72.82,true
"CMB","Coimbatore","TAMILNADU","COIMBATORE","TAMILNADU, PUDUCHERRY & KARAIKAL",2136916,1,11,76.97,true
"CML","Rawatbhata","RAJASTHAN","CHITTORGARH","EAST RAJASTHAN",116406,3,24.92,75.58,true
"CNB","Carnicobar","ANDAMAN & NICOBAR ISLANDS (UT)","NICOBAR","ANDAMAN & NICOBAR ISLANDS",,,9.17,92.83,true
"CNG","CANNING","WEST BENGAL","SOUTH 24 PARGANAS","GANGETIC WEST BENGAL",448317,2,22.25,88.67,true
"CNN","Kannur","KERALA","KANNUR","KERALA & MAHE",97201,3,11.83,75.33,true
"CNR","Coonoor","TAMILNADU","NILGIRIS","TAMILNADU, PUDUCHERRY & KARAIKAL",233426,2,11.35,76.8,true
"CNT","CONTAI","WEST BENGAL","EAST MIDNAPORE","GANGETIC WEST BENGAL",170695,3,21.78,87.75,true
"CNW","Baramula","JAMMU & KASHMIR (UT)","BARAMULA","JAMMU & KASHMIR AND LADAKH",77276,3,34.14,74.12,false
"COIMBATORE","Coimbatore","TAMILNADU","COIMBATORE","TAMILNADU, PUDUCHERRY & KARAIKAL",2136916,1,10.95,76.98,false
"CPJ","Cherrapunji","MEGHALAYA","EAST KHASI HILLS","ASSAM & MEGHALAYA",143229,3,25.25,91.73,true
"CPM","CHAPARMUKH","ASSAM","NAGAON","ASSAM & MEGHALAYA",121628,3,26.2,92.52,true
"CPR","Chandrapur","MAHARASHTRA","CHANDRAPUR","VIDARBHA",328351,2,19.97,79.3,true
"CRU","Churu","RAJASTHAN","CHURU","WEST RAJASTHAN",183808,3,28.25,74.92,true
"CTG","Chittorgarh","RAJASTHAN","CHITTORGARH","EAST RAJASTHAN",116406,3,24.88,74.63,true
"CTK","Bhubneshwar-Cuttack","ODISHA","CUTTACK","ODISHA",610189,2,20.47,85.93,true
"CUDDALORE","Cuddalore","TAMILNADU","CUDDALORE","TAMILNADU, PUDUCHERRY & KARAIKAL",179150,3,11.52,79.45,false
"CUDDEPAH","Ysr District","ANDHRA PRADESH","YSR DISTRICT","RAYALSEEMA",344893,2,14.4,78.65,true
"CUTTACK","Cuttack","ODISHA","CUTTACK","ODISHA",610189,2,20.5,85.84,true
"Chandkheda","Chandkheda","GUJARAT","AHMEDABAD","GUJARAT REGION",6357693,0,23.108,72.5746,true
"DAKSHAN-DINAJPUR","South Dinajpur","WEST BENGAL","SOUTH DINAJPUR","SHWB & SIKKIM",153279,3,25.38,88.6,true
"DAKSHINA-KANNAD","Dakshina Kannada","KARNATAKA","DAKSHINA KANNADA","COASTAL KARNATAKA",499487,2,13.07,75.17,true
"DAL","Dalhousie","HIMACHAL PRADESH","CHAMBA","HIMACHAL PRADESH",21502,3,32.53,75.97,true
"DAMOH","Damoh","MADHYA PRADESH","DAMOH","EAST MADHYA PRADESH",139561,3,23.8,79.51,false
"DANGS","Dangs","GUJARAT","DANGS","GUJARAT REGION",15004,3,20.82,73.71,true
"DANTEWADA","Dantewada","CHHATTISGARH","DANTEWADA","CHHATTISGARH",21435,3,18.77,81.44,false
"DARBHANGA","Darbhanga","BIHAR","DARBHANGA","BIHAR",296039,2,26.16,86.04,false
"DARJEELING","Darjeeling","WEST BENGAL","DARJEELING","SHWB & SIKKIM",515574,2,26.85,88.25,false
"DARRANG","Darrang","ASSAM","DARRANG","ASSAM & MEGHALAYA",25989,3,26.44,92.07,true
"DATIA","Datia","MADHYA PRADESH","DATIA","WEST MADHYA PRADESH",100284,3,25.92,78.53,false
"DAUSA","Dausa","RAJASTHAN","DAUSA","EAST RAJASTHAN",85960,3,26.81,76.62,true
"DBG","DARBHANGA","BIHAR","DARBHANGA","BIHAR",296039,2,26.17,85.9,true
"DBH","Dibrugarh","ASSAM","DIBRUGARH","ASSAM & MEGHALAYA",145488,3,27.48,95.02,true
"DDM","Kolkata (Dum Dum)","WEST BENGAL","NORTH 24 PARGANAS","GANGETIC WEST BENGAL",483129,2,22.65,88.45,true
"DDN","Dehradun-Mokhampur","UTTARAKHAND","DEHRADUN","UTTARAKHAND",522081,2,30.32,78.03,true
"DEHRADUN","Dehradun","UTTARAKHAND","DEHRADUN","UTTARAKHAND",522081,2,30.4,77.85,false
"DEMAJ","Dhemaji","ASSAM","DHEMAJI","ASSAM & MEGHALAYA",25662,3,27.54,94.7,true
"DEOGARH","Deogarh","ODISHA","DEOGARH","ODISHA",22390,3,21.49,84.8,true
"DEOGHAR","Deoghar","JHARKHAND","DEOGHAR","JHARKHAND",203123,2,24.33,86.76,true
"DEORIA","Deoria","UTTAR PRADESH","DEORIA","EAST UTTAR PRADESH",129570,3,26.42,83.84,true
"DER","DEHRI","BIHAR","ROHTAS","BIHAR",147408,3,24.92,84.18,true
"DEVANGERE","Davangere","KARNATAKA","DAVANGERE","SOUTHERN INTERIOR KARNATAKA",435128,2,14.37,75.96,true
"DEVBHOOMI-DWARKA","Devbhoomi Dwarka","GUJARAT","DEVBHOOMI DWARKA","SAURASHTRA & KUTCH",62052,3,22.14,69.44,true
"DEVPRAYAG","Devprayag","UTTARAKHAND","GARHWAL PAURI","UTTARAKHAND",27009,3,30.14,78.61,true
"DEWAS","Dewas","MADHYA PRADESH","DEWAS","WEST MADHYA PRADESH",289550,2,22.71,76.51,true
"DGB","Tinsukia","ASSAM","TINSUKIA","ASSAM & MEGHALAYA",116322,3,27.55,95.62,true
"DGH","East Midnapore","WEST BENGAL","EAST MIDNAPORE","GANGETIC WEST BENGAL",170695,3,21.83,87.78,true
"DGR","Dungarpur","RAJASTHAN","DUNGARPUR","EAST RAJASTHAN",47706,3,23.83,73.67,true
"DHALAI","Dhalai","TRIPURA","DHALAI","NMMT",16285,3,23.83,91.96,true
"DHAMTARI","Dhamtari","CHHATTISGARH","DHAMTARI","CHHATTISGARH",101677,3,20.63,81.79,true
"DHANBAD","Dhanbad","JHARKHAND","DHANBAD","JHARKHAND",1196214,1,23.84,86.47,false
"DHAR","Dhar","MADHYA PRADESH","DHAR","WEST MADHYA PRADESH",93917,3,22.58,75.09,false
"DHARMAPURI","Dharmapuri","TAMILNADU","DHARMAPURI","TAMILNADU, PUDUCHERRY & KARAIKAL",68619,3,12.14,78.21,false
"DHARWAD","Dharwad","KARNATAKA","DHARWAD","NORTHERN INTERIOR KARNATAKA",943788,2,15.37,75.15,true
"DHAULPUR","Dholpur","RAJASTHAN","DHOLPUR","EAST RAJASTHAN",133075,3,26.66,77.75,false
"DHB","DHUBRI","ASSAM","DHUBRI","ASSAM & MEGHALAYA",63388,3,26.02,89.98,true
"DHD","Dahod","GUJARAT","DAHOD","GUJARAT REGION",118846,3,22.83,74.27,true
"DHENKANAL","Dhenkanal","ODISHA","DHENKANAL","ODISHA",67414,3,20.84,85.6,true
"DHN","Dahanu","MAHARASHTRA","PALGHAR","KONKAN & GOA",1222390,1,19.97,72.72,true
"DHR","Dhar","MADHYA PRADESH","DHAR","WEST MADHYA PRADESH",93917,3,22.6,75.3,true
"DHUBR","Dhubri","ASSAM","DHUBRI","ASSAM & MEGHALAYA",63388,3,26.1,90,false
"DHULE","Dhule","MAHARASHTRA","DHULE","MADHYA MAHARASHTRA",375559,2,21.13,74.53,false
"DIBRUGARH","Dibrugarh","ASSAM","DIBRUGARH","ASSAM & MEGHALAYA",145488,3,27.4,95.03,false
"DIMAPUR","Dimapur","NAGALAND","DIMAPUR","NMMT",135860,3,25.81,93.77,true
"DINDIGUL","Dindigul","TAMILNADU","DINDIGUL","TAMILNADU, PUDUCHERRY & KARAIKAL",292512,2,10.43,77.8,true
"DINDORI","Dindori","MADHYA PRADESH","DINDORI","EAST MADHYA PRADESH",21323,3,23.05,80.9,true
"DIU","Diu","DADRA & NAGAR HAVELI AND DAMAN & DIU (UT)","DIU","SAURASHTRA & KUTCH",23991,3,20.72,70.92,true
"DJL","Darjeeling","WEST BENGAL","DARJEELING","SHWB & SIKKIM",515574,2,27.05,88.27,true
"DLP","Dholpur","RAJASTHAN","DHOLPUR","EAST RAJASTHAN",133075,3,26.67,77.83,true
"DMD","Diamond Harbour","WEST BENGAL","SOUTH 24 PARGANAS","GANGETIC WEST BENGAL",448317,2,22.18,88.2,true
"DMH","DAMOH","MADHYA PRADESH","DAMOH","EAST MADHYA PRADESH",139561,3,23.83,79.45,true
"DMK","Dumka","JHARKHAND","DUMKA","JHARKHAND",47663,3,24.27,87.25,true
"DMN","Daman","DADRA & NAGAR HAVELI AND DAMAN & DIU (UT)","DAMAN","GUJARAT REGION",62000,3,20.42,72.85,true
"DNB","Dhanbad","JHARKHAND","DHANBAD","JHARKHAND",1196214,1,23.78,86.43,true
"DODA","Doda","JAMMU & KASHMIR (UT)","DODA","JAMMU & KASHMIR AND LADAKH",21605,3,33.12,75.7,true
"DOHAD","Dahod","GUJARAT","DAHOD","GUJARAT REGION",118846,3,22.92,74.14,false
"DPR","Dharmapuri","TAMILNADU","DHARMAPURI","TAMILNADU, PUDUCHERRY & KARAIKAL",68619,3,12.13,78.03,true
"DRC","Dharchula","UTTARAKHAND","PITHORAGARH","UTTARAKHAND",47571,3,29.85,80.53,true
"DRG","Durg","CHHATTISGARH","DURG","CHHATTISGARH",627734,2,21.18,81.28,true
"DRM","Dharamsala","HIMACHAL PRADESH","KANGRA","HIMACHAL PRADESH",30764,3,32.21,76.32,true
"DRP","Solan","HIMACHAL PRADESH","SOLAN","HIMACHAL PRADESH",40283,3,30.9,77.02,true
"DRS","Kargil","LADAKH (UT)","KARGIL","JAMMU & KASHMIR AND LADAKH",25000,3,34.43,75.77,false
"DSA","Deesa","GUJARAT","BANASKANTHA","GUJARAT REGION",141592,3,24.2,72.2,true
"DTA","DATIA","MADHYA PRADESH","DATIA","WEST MADHYA PRADESH",100284,3,25.67,78.47,true
"DTG","Daltonganj","JHARKHAND","PALAMU","JHARKHAND",78396,3,24.05,84.07,true
"DUMKA","Dumka","JHARKHAND","DUMKA","JHARKHAND",47663,3,24.31,87.29,false
"DUNGARPUR","Dungarpur","RAJASTHAN","DUNGARPUR","EAST RAJASTHAN",47706,3,23.67,73.87,false
"DURG","Durg","CHHATTISGARH","DURG","CHHATTISGARH",627734,2,21.2,81.38,false
"DVG","Sindhudurg","MAHARASHTRA","SINDHUDURG","KONKAN & GOA",23851,3,16.38,73.35,true
"DWK","Dwarka","GUJARAT","DEVBHOOMI DWARKA","SAURASHTRA & KUTCH",62052,3,22.37,69.08,true
"Dhule","Dhule","MAHARASHTRA","DHULE","MADHYA MAHARASHTRA",375559,2,20.9042,74.7749,true
"E-JAINTIA","East Jaintia Hills","MEGHALAYA","EAST JAINTIA HILLS","ASSAM & MEGHALAYA",0,3,25.25,92.5,true
"EAST","Pakyong","SIKKIM","PAKYONG","SHWB & SIKKIM",,,27.28,88.68,true
"EAST-DELHI","East Delhi","DELHI (UT)","EAST DELHI","DELHI, HARYANA AND CHANDIGARH",154791,3,28.61,77.31,true
"EAST-GARO","East Garo Hills","MEGHALAYA","EAST GARO HILLS","ASSAM & MEGHALAYA",24597,3,25.7,90.69,true
"EAST-GODAVARI","Sri Alluri Sitharamaraju District","ANDHRA PRADESH","SRI ALLURI SITHARAMARAJU DISTRICT","COASTAL ANDHRA PRADESH & YANAM",25074,3,17.5,82.09,true
"EAST-KAMENG","East Kameng","ARUNACHAL PRADESH","EAST KAMENG","ARUNACHAL PRADESH",18350,3,27.4,93.2,false
"EAST-KHASI","East Khasi Hills","MEGHALAYA","EAST KHASI HILLS","ASSAM & MEGHALAYA",143229,3,25.35,91.8,true
"EAST-SIANG","East Siang","ARUNACHAL PRADESH","EAST SIANG","ARUNACHAL PRADESH",25581,3,27.95,95.26,true
"EAST-SINGBHUM","East Singhbhum","JHARKHAND","EAST SINGHBHUM","JHARKHAND",1339438,1,22.61,86.48,true
"EDAKALINADU","Edakalinadu","TAMILNADU","VILLUPURAM","TAMILNADU, PUDUCHERRY & KARAIKAL",97380,3,12.28,79.8,true
"ENNORE-PORT","Ennore-Port","","","",,,13.27,88.33,true
"ENP","Pali","RAJASTHAN","PALI","WEST RAJASTHAN",230075,2,25.08,73.14,true
"ERNAKULAM","Ernakulam","KERALA","ERNAKULAM","KERALA & MAHE",851406,2,10.05,76.5,true
"ERODE","Erode","TAMILNADU","ERODE","TAMILNADU, PUDUCHERRY & KARAIKAL",521891,2,11.49,77.38,true
"ETAH","Etah","UTTAR PRADESH","ETAH","WEST UTTAR PRADESH",131023,3,27.55,78.73,true
"ETAWAH","Etawah","UTTAR PRADESH","ETAWAH","WEST UTTAR PRADESH",257448,2,26.72,79.04,true
"ETW","Bhind","MADHYA PRADESH","BHIND","WEST MADHYA PRADESH",197585,3,26.45,79.02,false
"FAIZABAD","Ayodhya","UTTAR PRADESH","AYODHYA","EAST UTTAR PRADESH",153047,3,26.67,82.01,true
"FARIDABAD","Faridabad","HARYANA","FARIDABAD","DELHI, HARYANA AND CHANDIGARH",1414050,1,28.33,77.35,true
"FARIDKOT","Faridkot","PUNJAB","FARIDKOT","PUNJAB",91979,3,30.6,74.76,true
"FARRUKHABAD","Farrukhabad","UTTAR PRADESH","FARRUKHABAD","EAST UTTAR PRADESH",241152,2,27.33,79.63,true
"FATEHABAD","Fatehabad","HARYANA","FATEHABAD","DELHI, HARYANA AND CHANDIGARH",1324570,1,29.53,75.59,true
"FATEHGARH","Farrukhabad","UTTAR PRADESH","FARRUKHABAD","EAST UTTAR PRADESH",241152,2,27.45,79.5,false
"FATEHGARH-SAHIB","Fatehgarh Sahib","PUNJAB","FATEHGARH SAHIB","PUNJAB",82266,3,30.6,76.33,true
"FATEHPUR","Fatehpur","UTTAR PRADESH","FATEHPUR","EAST UTTAR PRADESH",166480,3,25.83,80.78,false
"FAZILIKA","Fazilka","PUNJAB","FAZILKA","PUNJAB",145302,3,30.36,74.17,true
"FBG","Farbesganj","BIHAR","ARARIA","BIHAR",79021,3,26.3,87.27,true
"FEROZEPUR","Ferozepur","PUNJAB","FEROZEPUR","PUNJAB",110313,3,30.9,74.8,true
"FIROZABAD","Firozabad","UTTAR PRADESH","FIROZABAD","WEST UTTAR PRADESH",306409,2,27.19,78.51,true
"FTP","Fatehpur","UTTAR PRADESH","FATEHPUR","EAST UTTAR PRADESH",166480,3,25.93,80.83,true
"FURSATGANJ","Fursatganj","UTTAR PRADESH","RAE BAREILLY","EAST UTTAR PRADESH",186433,3,26.25,81.3,true
"FZB","Ayodhya","UTTAR PRADESH","AYODHYA","EAST UTTAR PRADESH",153047,3,26.75,82.08,false
"FZP","Ferozepur","PUNJAB","FEROZEPUR","PUNJAB",110313,3,30.92,74.67,false
"GADAG","Gadag","KARNATAKA","GADAG","NORTHERN INTERIOR KARNATAKA",172813,3,15.41,75.66,false
"GADCHIROLI","Gadchiroli","MAHARASHTRA","GADCHIROLI","VIDARBHA",54152,3,19.76,80.32,true
"GAJAPATI","Gajapati","ODISHA","GAJAPATI","ODISHA",87152,3,18.92,84.12,true
"GANDERBAL","Ganderbal","JAMMU & KASHMIR (UT)","GANDERBAL","JAMMU & KASHMIR AND LADAKH",28233,3,34.31,75.19,true
"GANDHINAGAR","Gandhinagar","GUJARAT","GANDHINAGAR","GUJARAT REGION",292797,2,23.2,72.78,false
"GANGANAGAR","Sri Ganganagar","RAJASTHAN","SRI GANGANAGAR","WEST RAJASTHAN",237780,2,29.2,73.55,false
"GANGOTRI","Gangotri","UTTARAKHAND","UTTARKASHI","UTTARAKHAND",17123,3,30.99,78.93,true
"GANJAM","Ganjam","ODISHA","GANJAM","ODISHA",356598,2,19.63,84.65,true
"GARHWA","Garhwa","JHARKHAND","GARHWA","JHARKHAND",46059,3,24.05,83.7,true
"GARIYABAND","Gariaband","CHHATTISGARH","GARIABAND","CHHATTISGARH",10517,3,20.4,82.29,true
"GAUCHAR","Gauchar","UTTARAKHAND","CHAMOLI","UTTARAKHAND",,,30.28,79.15,true
"GAYA","Gaya","BIHAR","GAYA","BIHAR",474093,2,24.67,84.85,false
"GDA","Gonda","UTTAR PRADESH","GONDA","EAST UTTAR PRADESH",133583,3,27.13,81.97,true
"GDG","Gadag","KARNATAKA","GADAG","NORTHERN INTERIOR KARNATAKA",172813,3,15.42,75.63,true
"GDN","Gandhinagar","GUJARAT","GANDHINAGAR","GUJARAT REGION",292797,2,23.21,72.63,true
"GGN","Sriganganagar","RAJASTHAN","SRI GANGANAGAR","WEST RAJASTHAN",237780,2,29.92,73.92,true
"GHAT","Chamoli","UTTARAKHAND","CHAMOLI","UTTARAKHAND",,,30.61,79.56,true
"GHAZIABAD","North Delhi","DELHI (UT)","NORTH DELHI","DELHI, HARYANA AND CHANDIGARH",860000,2,28.7,77.2,true
"GHAZIPUR","Ghazipur","UTTAR PRADESH","GHAZIPUR","EAST UTTAR PRADESH",103095,3,25.6,83.51,false
"GHT","Guwahati","ASSAM","KAMRUP METROPOLITAN","ASSAM & MEGHALAYA",962334,2,26.1,91.58,true
"GILGIT","Ladakh (LEH)","LADAKH (UT)","LADAKH (LEH)","JAMMU & KASHMIR AND LADAKH",37475,3,36.45,74.75,false
"GILGIT-WAZARAD","Ladakh (LEH)","LADAKH (UT)","LADAKH (LEH)","JAMMU & KASHMIR AND LADAKH",37475,3,35.05,74.85,false
"GIR-SOMNATH","Gir Somnath","GUJARAT","GIR SOMNATH","SAURASHTRA & KUTCH",171121,3,20.94,70.8,true
"GIRIDIH","Giridih","JHARKHAND","GIRIDIH","JHARKHAND",114533,3,24.33,86.12,true
"GLB","Kalaburgi","KARNATAKA","KALABURAGI","NORTHERN INTERIOR KARNATAKA",543147,2,17.35,76.85,true
"GLM","Gulmarg","JAMMU & KASHMIR (UT)","BARAMULA","JAMMU & KASHMIR AND LADAKH",77276,3,34.05,74.4,true
"GLP","Goalpara","ASSAM","GOALPARA","ASSAM & MEGHALAYA",53430,3,26.18,90.63,true
"GLT","Golaghat","ASSAM","GOLAGHAT","ASSAM & MEGHALAYA",41989,3,26.52,93.98,true
"GNA","Guna","MADHYA PRADESH","GUNA","WEST MADHYA PRADESH",180935,3,24.65,77.32,true
"GND","Gondia","MAHARASHTRA","GONDIA","VIDARBHA",132813,3,21.47,80.2,true
"GOA","GOA","GOA","SOUTH GOA","KONKAN & GOA",102345,3,15.38,73.82,true
"GOALPARA","Goalpara","ASSAM","GOALPARA","ASSAM & MEGHALAYA",53430,3,26.06,90.61,false
"GODDA","Godda","JHARKHAND","GODDA","JHARKHAND",48480,3,24.86,87.29,true
"GOLAGHAT","Golaghat","ASSAM","GOLAGHAT","ASSAM & MEGHALAYA",41989,3,26.66,93.74,false
"GOMATI","Gomati","TRIPURA","GOMATI","NMMT",32758,3,23.51,91.62,true
"GONDA","Gonda","UTTAR PRADESH","GONDA","EAST UTTAR PRADESH",133583,3,27.11,82.07,false
"GONDIA","Gondia","MAHARASHTRA","GONDIA","VIDARBHA",132813,3,21.34,80.24,false
"GOPALGANJ","Gopalganj","BIHAR","GOPALGANJ","BIHAR",67339,3,26.42,84.41,true
"GORAKHPUR","Gorakhpur","UTTAR PRADESH","GORAKHPUR","EAST UTTAR PRADESH",674246,2,26.68,83.5,false
"GPL","Gopalpur","ODISHA","GANJAM","ODISHA",356598,2,19.27,84.88,true
"GPR","Sonitpur","ASSAM","SONITPUR","ASSAM & MEGHALAYA",75540,3,26.83,93.58,false
"GRG","Gurgaon","HARYANA","GURGAON","DELHI, HARYANA AND CHANDIGARH",886519,2,28.42,77,true
"GRK","Gorakhpur","UTTAR PRADESH","GORAKHPUR","EAST UTTAR PRADESH",674246,2,26.75,83.37,true
"GTK","Gangtok","SIKKIM","GANGTOK","SHWB & SIKKIM",100286,3,27.33,88.62,true
"GULBARGA","Kalaburagi","KARNATAKA","KALABURAGI","NORTHERN INTERIOR KARNATAKA",543147,2,17.24,76.88,true
"GUMLA","Gumla","JHARKHAND","GUMLA","JHARKHAND",51264,3,23.16,84.53,true
"GUNA","Guna","MADHYA PRADESH","GUNA","WEST MADHYA PRADESH",180935,3,24.5,77.27,false
"GUND","Pulwama","JAMMU & KASHMIR (UT)","PULWAMA","JAMMU & KASHMIR AND LADAKH",21680,3,34.11,75.05,true
"GUNTUR","Palnadu","ANDHRA PRADESH","PALNADU","COASTAL ANDHRA PRADESH & YANAM",117489,3,16.28,80.06,true
"GURDASPUR","Gurdaspur","PUNJAB","GURDASPUR","PUNJAB",158621,3,31.88,75.32,true
"GURGAON","Gurgaon","HARYANA","GURGAON","DELHI, HARYANA AND CHANDIGARH",886519,2,28.37,76.95,false
"GURUVAYUR","Guruvayur","KERALA","THRISSUR","KERALA & MAHE",315957,2,10.59,76.04,true
"GWALIOR","Gwalior","MADHYA PRADESH","GWALIOR","WEST MADHYA PRADESH",1054420,1,25.95,78.29,false
"GWL","Gwalior","MADHYA PRADESH","GWALIOR","WEST MADHYA PRADESH",1054420,1,26.23,78.25,true
"GYA","Gaya","BIHAR","GAYA","BIHAR",474093,2,24.75,84.95,true
"GZB","Ghaziabad","UTTAR PRADESH","GHAZIABAD","WEST UTTAR PRADESH",1199191,1,28.69,77.41,true
"GZP","GHAZIPUR","UTTAR PRADESH","GHAZIPUR","EAST UTTAR PRADESH",103095,3,25.4,83.55,true
"HAILAKANDI","Cachar","ASSAM","CACHAR","ASSAM & MEGHALAYA",178865,3,24.45,92.83,false
"HAMIRPUR","Hamirpur","HIMACHAL PRADESH","HAMIRPUR","HIMACHAL PRADESH",19280,3,31.66,76.51,true
"HANUMANGARH","Hanumangarh","RAJASTHAN","HANUMANGARH","WEST RAJASTHAN",155687,3,29.07,74.67,true
"HARDA","Harda","MADHYA PRADESH","HARDA","WEST MADHYA PRADESH",74268,3,22.24,77.14,true
"HARDOI","Hardoi","UTTAR PRADESH","HARDOI","EAST UTTAR PRADESH",122635,3,27.23,80.26,false
"HARIDWAR","Hardwar","UTTARAKHAND","HARDWAR","UTTARAKHAND",186079,3,29.9,78.02,true
"HARSIL","Harsil","UTTARAKHAND","UTTARKASHI","UTTARAKHAND",17123,3,31.03,78.73,true
"HASSAN","Hassan","KARNATAKA","HASSAN","SOUTHERN INTERIOR KARNATAKA",155006,3,13.03,76.1,true
"HATHRAS","Hathras","UTTAR PRADESH","HATHRAS","WEST UTTAR PRADESH",126882,3,27.45,78.15,true
"HAVERI","Haveri","KARNATAKA","HAVERI","NORTHERN INTERIOR KARNATAKA",106406,3,14.72,75.42,true
"HAZARIBAGH","Hazaribag","JHARKHAND","HAZARIBAG","JHARKHAND",153595,3,24.01,85.47,true
"HFL","HAFLONG","ASSAM","DIMA HASAO","ASSAM & MEGHALAYA",43756,3,25.17,93.02,true
"HINGOLE","Hingoli","MAHARASHTRA","HINGOLI","MARATHWADA",85103,3,19.55,77.2,false
"HISAR","Hisar","HARYANA","HISAR","DELHI, HARYANA AND CHANDIGARH",307024,2,29.15,75.72,true
"HISSAR","Hisar","HARYANA","HISAR","DELHI, HARYANA AND CHANDIGARH",307024,2,29.24,75.79,false
"HMP","Hamirpur","UTTAR PRADESH","HAMIRPUR","WEST UTTAR PRADESH",61728,3,25.95,80.15,true
"HNK","Hanamkonda","TELANGANA","HANUMAKONDA","TELANGANA",704570,2,18.02,79.57,true
"HNV","Honnavar","KARNATAKA","UTTARA KANNADA","COASTAL KARNATAKA",77139,3,14.28,74.45,true
"HOJAI","Nagaon","ASSAM","NAGAON","ASSAM & MEGHALAYA",121628,3,25.96,92.97,true
"HOSHANGABAD","Narmadapuram","MADHYA PRADESH","NARMADAPURAM","WEST MADHYA PRADESH",117988,3,22.6,77.96,true
"HOSHIARPUR","Hoshiarpur","PUNJAB","HOSHIARPUR","PUNJAB",168653,3,31.6,75.85,true
"HRD","Hardoi","UTTAR PRADESH","HARDOI","EAST UTTAR PRADESH",122635,3,27.38,80.17,true
"HRN","Harnai","MAHARASHTRA","RATNAGIRI","KONKAN & GOA",76229,3,17.82,73.1,true
"HSB","HOSHANGABAD","MADHYA PRADESH","NARMADAPURAM","WEST MADHYA PRADESH",117988,3,22.77,77.77,true
"HSN","Hassan","KARNATAKA","HASSAN","SOUTHERN INTERIOR KARNATAKA",155006,3,13,76.15,false
"HSR","Hisar","HARYANA","HISAR","DELHI, HARYANA AND CHANDIGARH",307024,2,29.17,75.73,false
"HTB","HUT BAY","ANDAMAN & NICOBAR ISLANDS (UT)","SOUTH ANDAMAN","ANDAMAN & NICOBAR ISLANDS",112050,3,10.58,92.55,true
"HUBBLI","Hubbli","KARNATAKA","DHARWAD","NORTHERN INTERIOR KARNATAKA",943788,2,15.36,75.12,true
"HYD","Hyderabad","TELANGANA","HYDERABAD","TELANGANA",6993262,0,17.45,78.47,true
"HYDERABAD","Hyderabad","TELANGANA","HYDERABAD","TELANGANA",6993262,0,17.4,78.47,false
"HZB","Hazaribag","JHARKHAND","HAZARIBAG","JHARKHAND",153595,3,23.98,85.37,false
"Hingoli","Hingoli","MAHARASHTRA","HINGOLI","MARATHWADA",85103,3,19.7174,77.1494,true
"IDR","Idar","GUJARAT","SABARKANTHA","GUJARAT REGION",81137,3,23.83,73.03,true
"IDUKKI","Idukki","KERALA","IDUKKI","KERALA & MAHE",68000,3,9.82,77.02,true
"IIPHG","Gandhi Ng IIPH","GUJARAT","GANDHINAGAR","GUJARAT REGION",292797,2,23.2436,72.6899,true
"IMP","Imphal","MANIPUR","IMPHAL WEST","NMMT",24239,3,24.67,93.9,true
"IMPHAL","Imphal East","MANIPUR","IMPHAL EAST","NMMT",277196,2,24.81,94.02,true
"IND","Indore","MADHYA PRADESH","INDORE","WEST MADHYA PRADESH",1994397,1,22.72,75.8,true
"INDORE","Indore","MADHYA PRADESH","INDORE","WEST MADHYA PRADESH",1994397,1,22.75,75.83,false
"ISRO-Bopal","ISRO-Bopal","GUJARAT","AHMEDABAD","GUJARAT REGION",6357693,0,23.0411,72.4567,true
"ISRO-SAC","Ahm Satellite","GUJARAT","AHMEDABAD","GUJARAT REGION",6357693,0,23.0234,72.5152,true
"JABALPUR","Jabalpur","MADHYA PRADESH","JABALPUR","EAST MADHYA PRADESH",1081677,1,23.22,79.96,false
"JAGATSINGPUR","Jagatsinghpur","ODISHA","JAGATSINGHPUR","ODISHA",85868,3,20.29,86.4,true
"JAGTIYAL","Jagtial","TELANGANA","JAGTIAL","TELANGANA",103930,3,18.82,78.91,true
"JAHANABAD","Jahanabad","BIHAR","JAHANABAD","BIHAR",103202,3,25.15,85.04,true
"JAINTIA","West Jaintia Hills","MEGHALAYA","WEST JAINTIA HILLS","ASSAM & MEGHALAYA",28430,3,25.6,92.32,true
"JAIPUR","Jaipur","RAJASTHAN","JAIPUR","EAST RAJASTHAN",3046163,1,27.15,75.6,false
"JAISLAMER","Jaisalmer","RAJASTHAN","JAISALMER","WEST RAJASTHAN",67604,3,27.03,70.91,false
"JAJPUR","Jajpur","ODISHA","JAJPUR","ODISHA",56946,3,20.8,86.25,true
"JALANDHAR","Jalandhar","PUNJAB","JALANDHAR","PUNJAB",868929,2,31.15,75.51,true
"JALAUN","Jalaun","UTTAR PRADESH","JALAUN","WEST UTTAR PRADESH",158265,3,26.1,79.44,true
"JALGAON","Jalgaon","MAHARASHTRA","JALGAON","MADHYA MAHARASHTRA",460228,2,20.84,75.58,false
"JALNA","Buldhana","MAHARASHTRA","BULDHANA","VIDARBHA",94604,3,19.97,76.06,false
"JALORE","Jalore","RAJASTHAN","JALORE","WEST RAJASTHAN",54081,3,25.01,72.15,true
"JALPAIGURI","Jalpaiguri","WEST BENGAL","JALPAIGURI","SHWB & SIKKIM",107832,3,26.75,88.85,false
"JAMMU","Jammu","JAMMU & KASHMIR (UT)","JAMMU","JAMMU & KASHMIR AND LADAKH",576198,2,32.85,74.7,true
"JAMNAGAR","Jamnagar","GUJARAT","JAMNAGAR","SAURASHTRA & KUTCH",600943,2,22.33,70.1,true
"JAMTARA","Jamtara","JHARKHAND","JAMTARA","JHARKHAND",29415,3,23.99,86.89,true
"JAMUI","Jamui","BIHAR","JAMUI","BIHAR",87357,3,24.76,86.23,true
"JANAKPUR","Janakpur","BIHAR","MADHUBANI","BIHAR",75736,3,26.72,85.94,true
"JANGOAN","Jangaon","TELANGANA","JANGAON","TELANGANA",52394,3,17.73,79.21,true
"JANJGIR","Sakti","CHHATTISGARH","SAKTI","CHHATTISGARH",21955,3,21.97,82.82,true
"JASHPUR","Jashpur","CHHATTISGARH","JASHPUR","CHHATTISGARH",28301,3,22.77,83.9,false
"JAUNPUR","Jaunpur","UTTAR PRADESH","JAUNPUR","EAST UTTAR PRADESH",169572,3,25.8,82.6,false
"JAYASHANKAR","J. Bhupalpally","TELANGANA","J. BHUPALPALLY","TELANGANA",42387,3,18.44,80.18,true
"JBP","Jabalpur","MADHYA PRADESH","JABALPUR","EAST MADHYA PRADESH",1081677,1,23.2,79.95,true
"JDP","Jodhpur","RAJASTHAN","JODHPUR","WEST RAJASTHAN",1056191,1,26.3,73.02,true
"JGD","Jagdalpur","CHHATTISGARH","BASTAR","CHHATTISGARH",125463,3,19.08,82.03,true
"JHABUA","Jhabua","MADHYA PRADESH","JHABUA","WEST MADHYA PRADESH",35753,3,22.81,74.59,true
"JHAJJAR","Jhajjar","HARYANA","JHAJJAR","DELHI, HARYANA AND CHANDIGARH",170767,3,28.61,76.62,true
"JHALAWAR","Jhalawar","RAJASTHAN","JHALAWAR","EAST RAJASTHAN",66919,3,24.4,76.28,true
"JHANSI","Jhansi","UTTAR PRADESH","JHANSI","WEST UTTAR PRADESH",412927,2,25.63,79.16,true
"JHARSUGUDA","Sambalpur","ODISHA","SAMBALPUR","ODISHA",189366,3,21.75,84,false
"JHS","Jhansi","UTTAR PRADESH","JHANSI","WEST UTTAR PRADESH",412927,2,25.45,78.58,false
"JHT","Chamoli","UTTARAKHAND","CHAMOLI","UTTARAKHAND",,,30.55,79.57,false
"JHUNJHUNU","Jhunjhunu","RAJASTHAN","JHUNJHUNU","EAST RAJASTHAN",118473,3,28.08,75.57,true
"JIND","Jind","HARYANA","JIND","DELHI, HARYANA AND CHANDIGARH",167592,3,29.45,76.35,true
"JIRIBHAM","Imphal East","MANIPUR","IMPHAL EAST","NMMT",277196,2,24.71,93.1,false
"JLD","Jalandhar","PUNJAB","JALANDHAR","PUNJAB",868929,2,31.47,75.58,false
"JLG","Jalgaon","MAHARASHTRA","JALGAON","MADHYA MAHARASHTRA",460228,2,21.05,75.57,true
"JLR","Jalore","RAJASTHAN","JALORE","WEST RAJASTHAN",54081,3,25.35,72.62,false
"JLW","Jhalawar","RAJASTHAN","JHALAWAR","EAST RAJASTHAN",66919,3,24.53,76.17,false
"JMI","Jamui","BIHAR","JAMUI","BIHAR",87357,3,24.93,86.3,false
"JMR","Jamnagar","GUJARAT","JAMNAGAR","SAURASHTRA & KUTCH",600943,2,22.45,70.08,false
"JMU","Jammu AP","JAMMU & KASHMIR (UT)","JAMMU","JAMMU & KASHMIR AND LADAKH",576198,2,32.67,74.83,true
"JNP","Jaunpur","UTTAR PRADESH","JAUNPUR","EAST UTTAR PRADESH",169572,3,25.75,82.68,true
"JODHPUR","Jodhpur","RAJASTHAN","JODHPUR","WEST RAJASTHAN",1056191,1,26.74,72.83,false
"JOGULAMBHA","Jogulamba Gadwal","TELANGANA","JOGULAMBA GADWAL","TELANGANA",63177,3,16.05,77.79,true
"JOMSOM","Jomsom","","","",,,28.77,83.77,true
"JORHAT","Jorhat","ASSAM","JORHAT","ASSAM & MEGHALAYA",126736,3,26.76,94.21,true
"JOSHIMATH","Joshimath","UTTARAKHAND","CHAMOLI","UTTARAKHAND",,,30.41,79.3,false
"JPG","Jalpaiguri","WEST BENGAL","JALPAIGURI","SHWB & SIKKIM",107832,3,26.53,88.72,true
"JPN","Jashpur","CHHATTISGARH","JASHPUR","CHHATTISGARH",28301,3,22.88,84.13,true
"JPR","Jaipur","RAJASTHAN","JAIPUR","EAST RAJASTHAN",3046163,1,26.82,75.8,true
"JRG","Jharsuguda","ODISHA","JHARSUGUDA","ODISHA",97730,3,21.92,84.08,true
"JSD","Jamshedpur","JHARKHAND","EAST SINGHBHUM","JHARKHAND",1339438,1,22.82,86.18,true
"JSM","Jaisalmer","RAJASTHAN","JAISALMER","WEST RAJASTHAN",67604,3,26.9,70.92,true
"JUNAGADH","Junagadh","GUJARAT","JUNAGADH","SAURASHTRA & KUTCH",319462,2,21.4,70.48,true
"JUR","Jeur","MAHARASHTRA","SHOLAPUR","MADHYA MAHARASHTRA",997281,2,18.2,75.2,true
"JYOTIBA","Amroha","UTTAR PRADESH","AMROHA","WEST UTTAR PRADESH",176253,3,28.84,78.35,true
"Jalna","Jalna","MAHARASHTRA","JALNA","MARATHWADA",285577,2,19.8347,75.8816,true
"KABIR","Sant Kabir Nagar","UTTAR PRADESH","SANT KABIR NAGAR","EAST UTTAR PRADESH",45321,3,26.96,83.14,true
"KABIRDHAM","Kabirdham","CHHATTISGARH","KABIRDHAM","CHHATTISGARH",46657,3,22.11,81.19,true
"KADMAT","Kadmat","LAKSHADWEEP (UT)","LAKSHADWEEP","LAKSHADWEEP",11210,3,11.22,72.77,true
"KAKCHING","Chandel","MANIPUR","CHANDEL","NMMT",16847,3,24.38,93.99,false
"KALAHANDI","Kalahandi","ODISHA","KALAHANDI","ODISHA",69045,3,19.82,83.16,true
"KALPENI","Kalpeni","LAKSHADWEEP (UT)","LAKSHADWEEP","LAKSHADWEEP",11210,3,10.06,73.64,true
"KAMAREDDY","Kamareddy","TELANGANA","KAMAREDDY","TELANGANA",80315,3,18.32,78.04,true
"KAMJONG","Ukhrul","MANIPUR","UKHRUL","NMMT",27187,3,24.7,94.42,true
"KAMRUP","Kamrup Rural","ASSAM","KAMRUP RURAL","ASSAM & MEGHALAYA",27889,3,26.12,91.34,true
"KAMRUP-METRO","Kamrup Metropolitan","ASSAM","KAMRUP METROPOLITAN","ASSAM & MEGHALAYA",962334,2,26.1,91.95,true
"KAN","Dewas","MADHYA PRADESH","DEWAS","WEST MADHYA PRADESH",289550,2,22.67,76.37,false
"KANCHIPURAM","Chengalpattu","TAMILNADU","CHENGALPATTU","TAMILNADU, PUDUCHERRY & KARAIKAL",174787,3,12.68,79.98,true
"KANGPOKRI","Senapati","MANIPUR","SENAPATI","NMMT",7476,3,25.1,94.06,true
"KANGRA","Kangra","HIMACHAL PRADESH","KANGRA","HIMACHAL PRADESH",30764,3,32.08,76.33,true
"KANKER","Kanker","CHHATTISGARH","KANKER","CHHATTISGARH",37442,3,20.12,81.11,false
"KANNAUJ","Kannauj","UTTAR PRADESH","KANNAUJ","EAST UTTAR PRADESH",76714,3,27,79.67,true
"KANNUR","Kannur","KERALA","KANNUR","KERALA & MAHE",97201,3,11.99,75.56,false
"KANPUR-CITY","Kanpur City","UTTAR PRADESH","KANPUR CITY","EAST UTTAR PRADESH",2823249,1,26.25,80.46,true
"KANPUR-DEHAT","Kanpur Dehat","UTTAR PRADESH","KANPUR DEHAT","EAST UTTAR PRADESH",23499,3,26.4,79.98,true
"KANSHIRAM","Kasganj","UTTAR PRADESH","KASGANJ","WEST UTTAR PRADESH",99462,3,27.8,78.84,true
"KANYAKUMARI","Kanyakumari","TAMILNADU","KANYAKUMARI","TAMILNADU, PUDUCHERRY & KARAIKAL",224849,2,8.33,77.4,false
"KAPURTHALA","Kapurthala","PUNJAB","KAPURTHALA","PUNJAB",100146,3,31.35,75.33,true
"KARAIKAL","Karaikal","PUDUCHERRY (UT)","KARAIKAL","TAMILNADU, PUDUCHERRY & KARAIKAL",86838,3,10.91,79.89,false
"KARAULI","Karauli","RAJASTHAN","KARAULI","EAST RAJASTHAN",105452,3,26.31,76.99,true
"KARBI-ANGLONG","Karbi Anglong","ASSAM","KARBI ANGLONG","ASSAM & MEGHALAYA",61797,3,26.25,93.35,true
"KARGIL","Kargil","LADAKH (UT)","KARGIL","JAMMU & KASHMIR AND LADAKH",25000,3,33.88,76.44,false
"KARIMGANJ","Karimganj","ASSAM","KARIMGANJ","ASSAM & MEGHALAYA",56854,3,24.58,92.4,true
"KARIMNAGAR","Karimnagar","TELANGANA","KARIMNAGAR","TELANGANA",289821,2,18.4,79.26,true
"KARITHAL","Kaithal","HARYANA","KAITHAL","DELHI, HARYANA AND CHANDIGARH",144915,3,29.85,76.35,true
"KARNAL","Karnal","HARYANA","KARNAL","DELHI, HARYANA AND CHANDIGARH",302140,2,29.69,76.83,false
"KARUR","Karur","TAMILNADU","KARUR","TAMILNADU, PUDUCHERRY & KARAIKAL",234191,2,10.9,78,true
"KASARAGOD","Kasargod","KERALA","KASARGOD","KERALA & MAHE",125564,3,12.43,75.15,true
"KATHMANDU","Kathmandu","","","",,,27.72,85.33,true
"KATHUA","Kathua","JAMMU & KASHMIR (UT)","KATHUA","JAMMU & KASHMIR AND LADAKH",59866,3,32.56,75.67,true
"KATIHAR","Katihar","BIHAR","KATIHAR","BIHAR",240838,2,25.54,87.65,true
"KATNI","Katni","MADHYA PRADESH","KATNI","EAST MADHYA PRADESH",221883,2,23.72,80.39,true
"KAUSHAMBHI","Prayagraj","UTTAR PRADESH","PRAYAGRAJ","EAST UTTAR PRADESH",1073438,1,25.53,81.69,true
"KAVARATTI","Kavarati","LAKSHADWEEP (UT)","LAKSHADWEEP","LAKSHADWEEP",11210,3,10.559,72.636,true
"KDA","KANDLA","GUJARAT","KUTCH","SAURASHTRA & KUTCH",247992,2,23.11,70.1,false
"KDK","Kodaikanal","TAMILNADU","DINDIGUL","TAMILNADU, PUDUCHERRY & KARAIKAL",292512,2,10.23,77.47,true
"KEDARNATH","Kedarnath","UTTARAKHAND","RUDRAPRAYAG","UTTARAKHAND",,,30.73,79.06,true
"KENDRAPARA","Kendrapara","ODISHA","KENDRAPARA","ODISHA",47006,3,20.55,86.68,true
"KENDUJHARGARH","Keonjhargarh","ODISHA","KEONJHARGARH","ODISHA",66540,3,21.58,85.79,false
"KGF","Kolar","KARNATAKA","KOLAR","SOUTHERN INTERIOR KARNATAKA",162230,3,12.95,78.3,true
"KGN","KHARGONE","MADHYA PRADESH","KHARGONE","WEST MADHYA PRADESH",116150,3,21.82,75.62,true
"KHAGARIA","Munger","BIHAR","MUNGER","BIHAR",213303,2,25.49,86.57,true
"KHAMMAM","Khammam","TELANGANA","KHAMMAM","TELANGANA",196283,3,17.17,80.37,true
"KHANDWA","Khandwa","MADHYA PRADESH","KHANDWA","WEST MADHYA PRADESH",350000,2,21.98,76.62,false
"KHARGAON","Khargone","MADHYA PRADESH","KHARGONE","WEST MADHYA PRADESH",116150,3,21.96,75.72,false
"KHD","KESHOD (A)","GUJARAT","JUNAGADH","SAURASHTRA & KUTCH",319462,2,21.32,70.32,true
"KHEDA","Kheda","GUJARAT","KHEDA","GUJARAT REGION",225071,2,22.9,73.04,true
"KHJ","Khajuraho","MADHYA PRADESH","CHHATARPUR","EAST MADHYA PRADESH",142128,3,24.83,79.91,true
"KHM","Kohima","NAGALAND","KOHIMA","NMMT",99039,3,25.63,94.17,true
"KHN","Khandala","MAHARASHTRA","PUNE","MADHYA MAHARASHTRA",3124458,1,18.77,73.37,true
"KHORDHA","Khurda","ODISHA","KHURDA","ODISHA",885363,2,20.26,85.71,true
"KHOWAI","Khowai","TRIPURA","KHOWAI","NMMT",21032,3,23.95,91.64,true
"KHUNTI","Khunti","JHARKHAND","KHUNTI","JHARKHAND",36390,3,22.92,85.28,true
"KILTAN","Kiltan","LAKSHADWEEP (UT)","LAKSHADWEEP","LAKSHADWEEP",11210,3,11.48,73,true
"KINNAUR","Kinnaur","HIMACHAL PRADESH","KINNAUR","HIMACHAL PRADESH",,,31.6,78.38,true
"KIPHIRE","Kiphire","NAGALAND","KIPHIRE","NMMT",16487,3,25.82,94.82,true
"KISHANGANJ","Kishanganj","BIHAR","KISHANGANJ","BIHAR",105782,3,26.24,87.96,true
"KISHANGARH","Kishangarh","RAJASTHAN","AJMER","EAST RAJASTHAN",542321,2,26.58,74.81,true
"KISTWAR","Kistwar","JAMMU & KASHMIR (UT)","KISTWAR","JAMMU & KASHMIR AND LADAKH",20553,3,33.4,76.14,true
"KKC","Kallakurichi","TAMILNADU","KALLAKURICHI","TAMILNADU, PUDUCHERRY & KARAIKAL",1682687,1,11.73,78.97,true
"KKD","Sivaganga","TAMILNADU","SIVAGANGA","TAMILNADU, PUDUCHERRY & KARAIKAL",181851,3,10.07,78.8,true
"KLA","Kandla","GUJARAT","KUTCH","SAURASHTRA & KUTCH",247992,2,23,70.22,true
"KLG","Lahaul & Spiti","HIMACHAL PRADESH","LAHAUL & SPITI","HIMACHAL PRADESH",,,32.58,77.07,true
"KLN","Kalingapatnam","ANDHRA PRADESH","SRIKAKULAM","COASTAL ANDHRA PRADESH & YANAM",137944,3,18.33,84.13,true
"KLP","Kolhapur","MAHARASHTRA","KOLHAPUR","MADHYA MAHARASHTRA",549236,2,16.7,74.23,true
"KMM","Khammam\r\n\r\n","TELANGANA","KHAMMAM","TELANGANA",196283,3,17.25,80.15,true
"KMP","Kalimpong","WEST BENGAL","KALIMPONG","SHWB & SIKKIM",43000,3,27.07,88.47,true
"KND","Kakinada","ANDHRA PRADESH","KAKINADA","COASTAL ANDHRA PRADESH & YANAM",384182,2,16.95,82.23,true
"KNJ","Keonjhargarh","ODISHA","KEONJHARGARH","ODISHA",66540,3,21.62,85.52,true
"KNK","Kanker","CHHATTISGARH","KANKER","CHHATTISGARH",37442,3,20.27,81.48,true
"KNL","Karnal","HARYANA","KARNAL","DELHI, HARYANA AND CHANDIGARH",302140,2,29.7,77.03,true
"KNP","Kanpur","UTTAR PRADESH","KANPUR CITY","EAST UTTAR PRADESH",2823249,1,26.4,80.4,true
"KOCH-BEHAR","Cooch Behar","WEST BENGAL","COOCH BEHAR","SHWB & SIKKIM",78737,3,26.34,89.46,false
"KODAGU","Kodagu","KARNATAKA","KODAGU","SOUTHERN INTERIOR KARNATAKA",33540,3,12.38,75.78,true
"KODERMA","Koderma","JHARKHAND","KODERMA","JHARKHAND",87867,3,24.46,85.5,true
"KOHIMA","Kohima","NAGALAND","KOHIMA","NMMT",99039,3,25.77,94.14,false
"KOKRAJHAR","Kokrajhar","ASSAM","KOKRAJHAR","ASSAM & MEGHALAYA",34136,3,26.51,90.13,true
"KOLAR","Kolar","KARNATAKA","KOLAR","SOUTHERN INTERIOR KARNATAKA",162230,3,13.15,78.21,false
"KOLASIB","Kolasib","MIZORAM","KOLASIB","NMMT",25000,3,24.24,92.71,true
"KOLHAPUR","Kolhapur","MAHARASHTRA","KOLHAPUR","MADHYA MAHARASHTRA",549236,2,16.46,74.19,false
"KOLLAM","Kollam","KERALA","KOLLAM","KERALA & MAHE",367107,2,8.97,76.88,true
"KON","Nicobar","ANDAMAN & NICOBAR ISLANDS (UT)","NICOBAR","ANDAMAN & NICOBAR ISLANDS",,,7.22,93.73,true
"KONDAGAON","Kondagaon","CHHATTISGARH","KONDAGAON","CHHATTISGARH",30921,3,19.97,81.68,true
"KOPPAL","Koppal","KARNATAKA","KOPPAL","NORTHERN INTERIOR KARNATAKA",114642,3,15.58,76.29,true
"KOR","Koraput","ODISHA","KORAPUT","ODISHA",84830,3,18.82,82.72,true
"KORAPUT","Koraput","ODISHA","KORAPUT","ODISHA",84830,3,18.88,82.75,false
"KORBA","Korba","CHHATTISGARH","KORBA","CHHATTISGARH",419146,2,22.52,82.63,true
"KORIYA-BAIKUNTHP","Manendragarh-chirmiri-bharatpur","CHHATTISGARH","MANENDRAGARH-CHIRMIRI-BHARATPUR","CHHATTISGARH",100800,3,23.63,82.17,true
"KOTA","Kota","RAJASTHAN","KOTA","EAST RAJASTHAN",1001694,1,25,76.1,false
"KOTTAYAM","Kottayam","KERALA","KOTTAYAM","KERALA & MAHE",55374,3,9.63,76.68,false
"KOV","Kovalam","KERALA","THIRUVANANTHAPURAM","KERALA & MAHE",788271,2,8.4,76.97,true
"KOVALAM","Kovalam","TAMILNADU","CHENGALPATTU","TAMILNADU, PUDUCHERRY & KARAIKAL",174787,3,12.78,80.25,true
"KOZHIKODE","Kozhikode","KERALA","KOZHIKODE","KERALA & MAHE",550440,2,11.46,75.84,false
"KPR","M.O. KARIPUR AIRPORT","KERALA","MALAPPURAM","KERALA & MAHE",105512,3,11.13,75.95,true
"KPT","Kapurthala","PUNJAB","KAPURTHALA","PUNJAB",100146,3,31.33,75.33,false
"KRA-DAADI","Kurung Kumey","ARUNACHAL PRADESH","KURUNG KUMEY","ARUNACHAL PRADESH",,,28.21,93.43,true
"KRG","Krishnanagar","WEST BENGAL","NADIA","GANGETIC WEST BENGAL",149983,3,23.4,88.52,true
"KRI","Lakhimpur Kheri","UTTAR PRADESH","KHERI","EAST UTTAR PRADESH",140223,3,27.9,80.8,true
"KRISHNA","Krishna","ANDHRA PRADESH","KRISHNA","COASTAL ANDHRA PRADESH & YANAM",192827,3,16.5,80.95,true
"KRISHNAGIRI","Krishnagiri","TAMILNADU","KRISHNAGIRI","TAMILNADU, PUDUCHERRY & KARAIKAL",229528,2,12.65,78,true
"KRL","Karaikal","PUDUCHERRY (UT)","KARAIKAL","TAMILNADU, PUDUCHERRY & KARAIKAL",86838,3,10.92,79.83,true
"KRN","Kurnool","ANDHRA PRADESH","KURNOOL","RAYALSEEMA",460184,2,15.8,78.07,true
"KSH","Kailashahar","TRIPURA","UNAKOTI","NMMT",22405,3,24.32,92,true
"KTA","Kota","RAJASTHAN","KOTA","EAST RAJASTHAN",1001694,1,25.15,75.85,true
"KTG","Kothagudem","TELANGANA","B. KOTHAGUDEM","TELANGANA",80199,3,17.55,80.63,true
"KTH","Kathua","JAMMU & KASHMIR (UT)","KATHUA","JAMMU & KASHMIR AND LADAKH",59866,3,32.33,75.5,false
"KTM","Kottayam","KERALA","KOTTAYAM","KERALA & MAHE",55374,3,9.58,76.52,true
"KUD","Pudukkottai","TAMILNADU","PUDUKKOTTAI","TAMILNADU, PUDUCHERRY & KARAIKAL",117630,3,10.4,78.67,true
"KULGAM","Kulgam","JAMMU & KASHMIR (UT)","KULGAM","JAMMU & KASHMIR AND LADAKH",23584,3,33.55,74.84,true
"KULU","Kullu","HIMACHAL PRADESH","KULLU","HIMACHAL PRADESH",19831,3,31.88,77.4,false
"KUMURAM-BHEEM","Kumaram Bheem","TELANGANA","KUMARAM BHEEM","TELANGANA",57583,3,19.34,79.39,true
"KUPWARA","Bandipora","JAMMU & KASHMIR (UT)","BANDIPORA","JAMMU & KASHMIR AND LADAKH",37081,3,34.45,74.76,true
"KURNOOL","Kurnool","ANDHRA PRADESH","KURNOOL","RAYALSEEMA",460184,2,15.53,77.95,false
"KURUKSHETRA","Kurukshetra","HARYANA","KURUKSHETRA","DELHI, HARYANA AND CHANDIGARH",155152,3,30.06,76.77,true
"KURUNG-KUMEY","Kurung Kumey","ARUNACHAL PRADESH","KURUNG KUMEY","ARUNACHAL PRADESH",,,27.97,93.25,false
"KUSHINAGAR","Kushi Nagar","UTTAR PRADESH","KUSHI NAGAR","EAST UTTAR PRADESH",274403,2,26.92,83.97,true
"KUTCH","Kutch","GUJARAT","KUTCH","SAURASHTRA & KUTCH",247992,2,23.71,69.96,true
"KVL","Spsr Nellore","ANDHRA PRADESH","SPSR NELLORE","COASTAL ANDHRA PRADESH & YANAM",547621,2,14.9,79.98,true
"KWD","Khandwa","MADHYA PRADESH","KHANDWA","WEST MADHYA PRADESH",350000,2,21.83,76.37,true
"KWR","Karwar","KARNATAKA","UTTARA KANNADA","COASTAL KARNATAKA",77139,3,14.78,74.13,true
"KYK","Kanyakumari","TAMILNADU","KANYAKUMARI","TAMILNADU, PUDUCHERRY & KARAIKAL",224849,2,8.08,77.5,true
"KZK","kozhikode","KERALA","KOZHIKODE","KERALA & MAHE",550440,2,11.25,75.78,true
"LADAKH","Ladakh (LEH)","LADAKH (UT)","LADAKH (LEH)","JAMMU & KASHMIR AND LADAKH",37475,3,34.17,78.35,false
"LAHAUL-SPITI","Lahaul & Spiti","HIMACHAL PRADESH","LAHAUL & SPITI","HIMACHAL PRADESH",,,32.5,77.52,false
"LAKHIMPUR","Kheri","UTTAR PRADESH","KHERI","EAST UTTAR PRADESH",140223,3,28.15,80.65,true
"LAKSHADWEEP","Lakshadweep","LAKSHADWEEP (UT)","LAKSHADWEEP","LAKSHADWEEP",11210,3,10.54,72.62,false
"LALITPUR","Lalitpur","UTTAR PRADESH","LALITPUR","WEST UTTAR PRADESH",126475,3,24.7,78.58,true
"LATEHAR","Latehar","JHARKHAND","LATEHAR","JHARKHAND",26981,3,23.68,84.47,true
"LATUR","Latur","MAHARASHTRA","LATUR","MARATHWADA",382940,2,18.35,76.75,true
"LAWNGTLAI","Lawngtlai","MIZORAM","LAWNGTLAI","NMMT",20830,3,22.37,92.74,true
"LDN","Ludhiana","PUNJAB","LUDHIANA","PUNJAB",1618879,1,30.87,75.93,true
"LEH-LADAKH","Leh","LADAKH (UT)","LADAKH (LEH)","JAMMU & KASHMIR AND LADAKH",37475,3,34.15,77.57,true
"LGI","LONG ISLAND","ANDAMAN & NICOBAR ISLANDS (UT)","NORTH & MIDDLE ANDAMAN","ANDAMAN & NICOBAR ISLANDS",42877,3,12.42,92.93,true
"LKN","Lucknow","UTTAR PRADESH","LUCKNOW","EAST UTTAR PRADESH",2472011,1,26.87,80.93,true
"LKR","North Lakhimpur","ASSAM","LAKHIMPUR","ASSAM & MEGHALAYA",59841,3,27.23,94.12,true
"LMD","Lumding","ASSAM","NAGAON","ASSAM & MEGHALAYA",121628,3,25.75,93.18,true
"LOHARDAGA","Lohardaga","JHARKHAND","LOHARDAGA","JHARKHAND",57411,3,23.48,84.68,true
"LOHIT","Lohit","ARUNACHAL PRADESH","LOHIT","ARUNACHAL PRADESH",18184,3,27.96,96.23,true
"LONGDING","Tirap","ARUNACHAL PRADESH","TIRAP","ARUNACHAL PRADESH",,,26.78,95.35,true
"LONGLENG","Longleng","NAGALAND","LONGLENG","NMMT",7613,3,26.58,94.79,true
"LOWER-DIBANG-VALLEY","Lower Dibang Valley","ARUNACHAL PRADESH","LOWER DIBANG VALLEY","ARUNACHAL PRADESH",,,28.4,95.88,true
"LOWER-SUBANSIRI","Lower Subansiri","ARUNACHAL PRADESH","LOWER SUBANSIRI","ARUNACHAL PRADESH",0,3,27.55,93.94,true
"LUCKEESARAI","Lakhisarai","BIHAR","LAKHISARAI","BIHAR",99979,3,25.15,86.15,true
"LUCKNOW","Lucknow","UTTAR PRADESH","LUCKNOW","EAST UTTAR PRADESH",2472011,1,26.83,80.89,false
"LUDHIANA","Ludhiana","PUNJAB","LUDHIANA","PUNJAB",1618879,1,30.79,75.87,false
"LUDHIYANA","Ludhiyana","PUNJAB","LUDHIANA","PUNJAB",1618879,1,30.85,75.95,true
"LUNGLEI","Lunglei","MIZORAM","LUNGLEI","NMMT",57011,3,22.95,92.76,true
"MAB","Mount Abu","RAJASTHAN","SIROHI","EAST RAJASTHAN",55599,3,24.6,72.72,true
"MADHEPURA","Madhepura","BIHAR","MADHEPURA","BIHAR",54472,3,25.78,86.87,true
"MADHUBANI","Madhubani","BIHAR","MADHUBANI","BIHAR",75736,3,26.35,86.24,true
"MADURAI","Madurai","TAMILNADU","MADURAI","TAMILNADU, PUDUCHERRY & KARAIKAL",1465625,1,9.9,77.95,false
"MAHABALIPURAM","Mahabalipuram","TAMILNADU","CHENGALPATTU","TAMILNADU, PUDUCHERRY & KARAIKAL",174787,3,12.62,80.19,true
"MAHABUBABAD","Mahabubabad","TELANGANA","MAHABUBABAD","TELANGANA",42851,3,17.72,79.92,true
"MAHARAJGANJ","Maharajganj","UTTAR PRADESH","MAHARAJGANJ","EAST UTTAR PRADESH",32587,3,27.18,83.53,true
"MAHASAMUND","Mahasamund","CHHATTISGARH","MAHASAMUND","CHHATTISGARH",54413,3,21.18,82.34,true
"MAHBUBNAGAR","Mahabubnagar","TELANGANA","MAHABUBNAGAR","TELANGANA",190400,3,16.7,77.81,false
"MAHE","Kannur","KERALA","KANNUR","KERALA & MAHE",97201,3,11.73,75.53,false
"MAHENDRAGARH","Mahendragarh","HARYANA","MAHENDRAGARH","DELHI, HARYANA AND CHANDIGARH",74581,3,28.13,76.14,true
"MAHISAGAR","Mahisagar","GUJARAT","MAHISAGAR","GUJARAT REGION",39330,3,23.19,73.63,true
"MAHOBA","Mahoba","UTTAR PRADESH","MAHOBA","WEST UTTAR PRADESH",89170,3,25.33,79.71,true
"MAINPURI","Mainpuri","UTTAR PRADESH","MAINPURI","WEST UTTAR PRADESH",94619,3,27.1,79,false
"MAJULI","Jorhat","ASSAM","JORHAT","ASSAM & MEGHALAYA",126736,3,26.98,94.21,false
"MALAPPURAM","Malappuram","KERALA","MALAPPURAM","KERALA & MAHE",105512,3,11.11,76.19,true
"MALDAH","Malda","WEST BENGAL","MALDA","SHWB & SIKKIM",170039,3,25.1,88.2,false
"MALKANGIRI","Malkangiri","ODISHA","MALKANGIRI","ODISHA",31007,3,18.2,81.92,true
"MAMIT","Mamit","MIZORAM","MAMIT","NMMT",,,23.76,92.47,true
"MANCHERIAL","Mancherial","TELANGANA","MANCHERIAL","TELANGANA",89935,3,18.98,79.42,true
"MANDI","Mandi","HIMACHAL PRADESH","MANDI","HIMACHAL PRADESH",28217,3,31.65,77.01,false
"MANDLA","Dindori","MADHYA PRADESH","DINDORI","EAST MADHYA PRADESH",21323,3,22.69,80.57,false
"MANDSAUR","Mandsaur","MADHYA PRADESH","MANDSAUR","WEST MADHYA PRADESH",141667,3,24.16,75.4,true
"MANDYA","Mandya","KARNATAKA","MANDYA","SOUTHERN INTERIOR KARNATAKA",137358,3,12.64,76.83,false
"MANSA","Mansa","PUNJAB","MANSA","PUNJAB",82956,3,29.88,75.47,true
"MARIGAON","Morigaon","ASSAM","MORIGAON","ASSAM & MEGHALAYA",29164,3,26.29,92.26,true
"MAT","MATHERAN","MAHARASHTRA","RAIGAD","KONKAN & GOA",195373,3,18.98,73.28,true
"MATHAVARAM","Mathavaram","TAMILNADU","CHENNAI","TAMILNADU, PUDUCHERRY & KARAIKAL",4681087,1,13.14,80.22,true
"MATHURA","Mathura","UTTAR PRADESH","MATHURA","WEST UTTAR PRADESH",330511,2,27.59,77.61,false
"MAUNATH","Mau","UTTAR PRADESH","MAU","EAST UTTAR PRADESH",246050,2,26.1,83.55,true
"MAYURBHANJ","Mayurbhanj","ODISHA","MAYURBHANJ","ODISHA",116849,3,21.92,86.42,true
"MBN","Mahabubnagar","TELANGANA","MAHABUBNAGAR","TELANGANA",190400,3,16.75,78,true
"MDI","Mandi","HIMACHAL PRADESH","MANDI","HIMACHAL PRADESH",28217,3,31.72,76.97,true
"MDK","Medak\r\n\r\n","TELANGANA","MEDAK","TELANGANA",46880,3,18.05,78.27,true
"MDP","Midnapore","WEST BENGAL","WEST MIDNAPORE","GANGETIC WEST BENGAL",219665,2,22.42,87.32,true
"MDR","MADURAI","TAMILNADU","MADURAI","TAMILNADU, PUDUCHERRY & KARAIKAL",1465625,1,9.92,78.12,true
"MDS","Chennai","TAMILNADU","CHENNAI","TAMILNADU, PUDUCHERRY & KARAIKAL",4681087,1,12.98,80.17,true
"MDV","Kutch","GUJARAT","KUTCH","SAURASHTRA & KUTCH",247992,2,22.82,69.27,false
"MDY","Mandya","KARNATAKA","MANDYA","SOUTHERN INTERIOR KARNATAKA",137358,3,12.5,76.83,true
"MEDAK","Medak","TELANGANA","MEDAK","TELANGANA",46880,3,17.97,78.19,true
"MEDCHAL","M. Malkajgiri","TELANGANA","M. MALKAJGIRI","TELANGANA",341709,2,17.53,78.56,true
"MEERUT","Meerut","UTTAR PRADESH","MEERUT","WEST UTTAR PRADESH",1223184,1,28.95,77.79,false
"MEHSANA","Mehsana","GUJARAT","MEHSANA","GUJARAT REGION",190753,3,23.57,72.4,true
"MEWAT","Nuh","HARYANA","NUH","DELHI, HARYANA AND CHANDIGARH",24750,3,27.99,77.1,true
"MHV","MAHUVA","GUJARAT","BHAVNAGAR","SAURASHTRA & KUTCH",605882,2,21.08,71.78,true
"MINJUR","Minjur","TAMILNADU","THIRUVALLUR","TAMILNADU, PUDUCHERRY & KARAIKAL",345996,2,13.26,80.25,true
"MIRZAPUR","Mirzapur","UTTAR PRADESH","MIRZAPUR","EAST UTTAR PRADESH",220029,2,24.94,82.63,true
"MJB","Majbat","ASSAM","UDALGURI","ASSAM & MEGHALAYA",17183,3,26.79,92.29,true
"MJK","MALANJKHAND","MADHYA PRADESH","BALAGHAT","EAST MADHYA PRADESH",84261,3,22,80.7,true
"MKS","Mukteshwar","UTTARAKHAND","NAINITAL","UTTARAKHAND",139497,3,29.47,79.65,true
"MLD","Malda","WEST BENGAL","MALDA","SHWB & SIKKIM",170039,3,25.03,88.13,true
"MLG","Malegaon","MAHARASHTRA","NASHIK","MADHYA MAHARASHTRA",1486053,1,20.55,74.53,true
"MLI","Manali","HIMACHAL PRADESH","KULLU","HIMACHAL PRADESH",19831,3,32.27,77.17,true
"MMG","South Goa","GOA","SOUTH GOA","KONKAN & GOA",102345,3,15.39,73.81,true
"MNC","Lakshadweep","LAKSHADWEEP (UT)","LAKSHADWEEP","LAKSHADWEEP",11210,3,8.3,73.04,false
"MND","Mandla","MADHYA PRADESH","MANDLA","EAST MADHYA PRADESH",55133,3,22.58,80.37,true
"MNG","Mangaluru","KARNATAKA","DAKSHINA KANNADA","COASTAL KARNATAKA",499487,2,12.92,74.88,true
"MOGA","Moga","PUNJAB","MOGA","PUNJAB",163397,3,30.8,75.16,true
"MOHALI","Sas Nagar","PUNJAB","SAS NAGAR","PUNJAB",166864,3,30.75,76.65,true
"MOKAKCHUNG","Mokokchung","NAGALAND","MOKOKCHUNG","NMMT",35913,3,26.48,94.53,true
"MON","Mon","NAGALAND","MON","NMMT",26328,3,26.74,95.01,true
"MORADABAD","Moradabad","UTTAR PRADESH","MORADABAD","WEST UTTAR PRADESH",721139,2,28.98,78.8,false
"MORBI","Morbi","GUJARAT","MORBI","SAURASHTRA & KUTCH",210451,2,22.76,70.84,true
"MORENA","Morena","MADHYA PRADESH","MORENA","WEST MADHYA PRADESH",200482,2,26.39,77.83,true
"MPR","Mainpuri","UTTAR PRADESH","MAINPURI","WEST UTTAR PRADESH",94619,3,27.23,79.05,true
"MPT","Machilipatnam","ANDHRA PRADESH","KRISHNA","COASTAL ANDHRA PRADESH & YANAM",192827,3,16.2,81.15,true
"MRD","Moradabad","UTTAR PRADESH","MORADABAD","WEST UTTAR PRADESH",721139,2,28.83,78.75,true
"MRI","Madikeri","KARNATAKA","KODAGU","SOUTHERN INTERIOR KARNATAKA",33540,3,12.42,75.73,true
"MRT","Meerut","UTTAR PRADESH","MEERUT","WEST UTTAR PRADESH",1223184,1,29.02,77.63,true
"MSR","Dehradun","UTTARAKHAND","DEHRADUN","UTTARAKHAND",522081,2,30.45,78.08,false
"MTH","Motihari","BIHAR","EAST CHAMPARAN","BIHAR",126158,3,26.67,84.92,true
"MTR","Mathura","UTTAR PRADESH","MATHURA","WEST UTTAR PRADESH",330511,2,27.5,77.68,true
"MUKTINATH","Muktinath","","","",,,28.8,83.85,true
"MUKTSAR","Muktsar","PUNJAB","MUKTSAR","PUNJAB",116747,3,30.28,74.54,true
"MUMBAI","Mumbai City","MAHARASHTRA","MUMBAI CITY","KONKAN & GOA",700000,2,18.95,72.83,true
"MUN","Pithoragarh","UTTARAKHAND","PITHORAGARH","UTTARAKHAND",47571,3,30.12,80.25,true
"MUNGELI","Mungeli","CHHATTISGARH","MUNGELI","CHHATTISGARH",36450,3,22.15,81.73,true
"MUNGER","Munger","BIHAR","MUNGER","BIHAR",213303,2,25.23,86.52,false
"MURSHIDABAD","Murshidabad","WEST BENGAL","MURSHIDABAD","GANGETIC WEST BENGAL",180547,3,24.29,88.28,true
"MUSSOORIE","Mussoorie","UTTARAKHAND","DEHRADUN","UTTARAKHAND",522081,2,30.47,78.05,true
"MUZAFFARABAD","Kupwara","JAMMU & KASHMIR (UT)","KUPWARA","JAMMU & KASHMIR AND LADAKH",21771,3,34.55,74.15,true
"MUZAFFARNAGAR","Shamli","UTTAR PRADESH","SHAMLI","WEST UTTAR PRADESH",97966,3,29.34,77.42,true
"MUZAFFARPUR","Muzaffarpur","BIHAR","MUZAFFARPUR","BIHAR",354462,2,26.15,85.32,false
"MWR","Mahabaleshwar","MAHARASHTRA","SATARA","MADHYA MAHARASHTRA",120195,3,17.93,73.67,true
"MYB","Maya Bandar","ANDAMAN & NICOBAR ISLANDS (UT)","NORTH & MIDDLE ANDAMAN","ANDAMAN & NICOBAR ISLANDS",42877,3,12.92,92.92,true
"MYS","Mysuru","KARNATAKA","MYSURU","SOUTHERN INTERIOR KARNATAKA",920550,2,12.3,76.7,true
"MYSORE","Mysuru","KARNATAKA","MYSURU","SOUTHERN INTERIOR KARNATAKA",920550,2,12.2,76.52,false
"MZF","Muzaffarpur","BIHAR","MUZAFFARPUR","BIHAR",354462,2,26.12,85.4,true
"Masaurhi_bihar","Patna","BIHAR","PATNA","BIHAR",1684297,1,25.558,84.9077,false
"N-EAST-DELHI","Ghaziabad","UTTAR PRADESH","GHAZIABAD","WEST UTTAR PRADESH",1199191,1,28.71,77.29,false
"N-WEST-DELHI","West Delhi","DELHI (UT)","WEST DELHI","DELHI, HARYANA AND CHANDIGARH",283211,2,28.7,77.07,true
"NABARANGPUR","Nawarangpur","ODISHA","NAWARANGPUR","ODISHA",1220946,1,19.61,82.42,true
"NAGAON","Nagaon","ASSAM","NAGAON","ASSAM & MEGHALAYA",121628,3,26.4,92.77,false
"NAGAPATTINAM","Mayiladuthurai","TAMILNADU","MAYILADUTHURAI","TAMILNADU, PUDUCHERRY & KARAIKAL",86660,3,11.1,79.77,true
"NAGARKURNOOL","Nagarkurnool","TELANGANA","NAGARKURNOOL","TELANGANA",29439,3,16.42,78.67,true
"NAGAUR","Nagaur","RAJASTHAN","NAGAUR","WEST RAJASTHAN",105218,3,27.06,74.24,true
"NAGPUR","Nagpur","MAHARASHTRA","NAGPUR","VIDARBHA",2405665,1,21.15,78.96,false
"NAINBAGH","Nainbagh","UTTARAKHAND","GARHWAL TEHRI","UTTARAKHAND",27611,3,30.57,78.01,true
"NAINITAL","Nainital","UTTARAKHAND","NAINITAL","UTTARAKHAND",139497,3,29.3,79.41,true
"NALANDA","Nalanda","BIHAR","NALANDA","BIHAR",297268,2,25.22,85.55,true
"NALBARI","Nalbari","ASSAM","NALBARI","ASSAM & MEGHALAYA",27839,3,26.36,91.4,true
"NALGONDA","Nalgonda","TELANGANA","NALGONDA","TELANGANA",154326,3,16.86,79.16,true
"NAMAKKAL","Namakkal","TAMILNADU","NAMAKKAL","TAMILNADU, PUDUCHERRY & KARAIKAL",195071,3,11.3,78.1,true
"NAMSAI","Lohit","ARUNACHAL PRADESH","LOHIT","ARUNACHAL PRADESH",18184,3,27.67,95.95,false
"NANDED","Nanded","MAHARASHTRA","NANDED","MARATHWADA",550564,2,19.1,77.65,false
"NANDURBAR","Nandurbar","MAHARASHTRA","NANDURBAR","MADHYA MAHARASHTRA",111037,3,21.65,74.25,true
"NAR","NARSINGHPUR","MADHYA PRADESH","NARSINGHPUR","EAST MADHYA PRADESH",59966,3,22.95,79.18,true
"NARAYANPUR","Narayanpur","CHHATTISGARH","NARAYANPUR","CHHATTISGARH",22106,3,19.56,81.09,true
"NARMADA","Narmada","GUJARAT","NARMADA","GUJARAT REGION",35392,3,21.84,73.65,true
"NARSINGPUR","Narsinghpur","MADHYA PRADESH","NARSINGHPUR","EAST MADHYA PRADESH",59966,3,22.94,79.04,false
"NAS","Nasik","MAHARASHTRA","NASHIK","MADHYA MAHARASHTRA",1486053,1,20,73.78,true
"NASIK","Nashik","MAHARASHTRA","NASHIK","MADHYA MAHARASHTRA",1486053,1,20.23,74.1,false
"NAVSARI","Navsari","GUJARAT","NAVSARI","GUJARAT REGION",510879,2,20.8,73.1,true
"NAWADA","Nawada","BIHAR","NAWADA","BIHAR",98029,3,24.82,85.66,true
"NAWANSHAHR","Sbs Nagar","PUNJAB","SBS NAGAR","PUNJAB",46024,3,31.08,76.15,true
"NAYAGARH","Nayagarh","ODISHA","NAYAGARH","ODISHA",17238,3,20.34,84.97,true
"NCW","Nancowrie","ANDAMAN & NICOBAR ISLANDS (UT)","NICOBAR","ANDAMAN & NICOBAR ISLANDS",,,7.98,93.53,true
"NDB","Nandurbar","MAHARASHTRA","NANDURBAR","MADHYA MAHARASHTRA",111037,3,21.33,74.25,false
"NDG","NANDIGAMA","ANDHRA PRADESH","NTR DISTRICT","COASTAL ANDHRA PRADESH & YANAM",1143232,1,16.78,80.28,true
"NDL","NANDYAL","ANDHRA PRADESH","NANDYAL","RAYALSEEMA",211424,2,15.47,78.48,true
"NDV","Nidadavolu","ANDHRA PRADESH","EAST GODAVARI","COASTAL ANDHRA PRADESH & YANAM",376333,2,16.9,81.66,true
"NEEMUCH","Neemuch","MADHYA PRADESH","NEEMUCH","WEST MADHYA PRADESH",128561,3,24.55,75.16,true
"NELLORE","Spsr Nellore","ANDHRA PRADESH","SPSR NELLORE","COASTAL ANDHRA PRADESH & YANAM",547621,2,14.3,79.8,false
"NEW-DELHI","New Delhi","DELHI (UT)","NEW DELHI","DELHI, HARYANA AND CHANDIGARH",317797,2,28.56,77.15,true
"NGB","Chennai (Meenambakkam)","TAMILNADU","CHENNAI","TAMILNADU, PUDUCHERRY & KARAIKAL",4681087,1,13.07,80.25,true
"NGP","Nagpur","MAHARASHTRA","NAGPUR","VIDARBHA",2405665,1,21.15,79.12,false
"NGR","Nagaur","RAJASTHAN","NAGAUR","WEST RAJASTHAN",105218,3,27.17,73.67,false
"NICOBAR","Nicobar","ANDAMAN & NICOBAR ISLANDS (UT)","NICOBAR","ANDAMAN & NICOBAR ISLANDS",,,8.01,93.33,false
"NILGIRIS","Nilgiris","TAMILNADU","NILGIRIS","TAMILNADU, PUDUCHERRY & KARAIKAL",233426,2,11.45,76.62,true
"NIRMAL","Nirmal","TELANGANA","NIRMAL","TELANGANA",88433,3,19.09,78.35,true
"NIZAMABAD","Nizamabad","TELANGANA","NIZAMABAD","TELANGANA",311152,2,18.73,78.18,false
"NJB","Bijnor","UTTAR PRADESH","BIJNOR","WEST UTTAR PRADESH",84593,3,29.62,78.38,true
"NLA","Naliya","GUJARAT","KUTCH","SAURASHTRA & KUTCH",247992,2,23.25,68.85,true
"NLAKHIMPUR","Lakhimpur","ASSAM","LAKHIMPUR","ASSAM & MEGHALAYA",59841,3,27.17,94.14,true
"NLG","Nalgonda\r\n\r\n","TELANGANA","NALGONDA","TELANGANA",154326,3,17,79.25,true
"NLM","Malappuram","KERALA","MALAPPURAM","KERALA & MAHE",105512,3,11.28,76.23,false
"NLR","Nellore","ANDHRA PRADESH","SPSR NELLORE","COASTAL ANDHRA PRADESH & YANAM",547621,2,14.45,79.98,true
"NMC","Neemuch","MADHYA PRADESH","NEEMUCH","WEST MADHYA PRADESH",128561,3,24.47,74.9,false
"NND","Nanded","MAHARASHTRA","NANDED","MARATHWADA",550564,2,19.08,77.33,true
"NOIDA","Gautam Buddha Nagar","UTTAR PRADESH","GAUTAM BUDDHA NAGAR","WEST UTTAR PRADESH",293908,2,28.5,77.46,true
"NONEY","Tamenglong","MANIPUR","TAMENGLONG","NMMT",19363,3,24.68,93.42,true
"NORTH-DELHI","North Delhi","DELHI (UT)","NORTH DELHI","DELHI, HARYANA AND CHANDIGARH",860000,2,28.78,77.1,false
"NORTH-DINAJPUR","North Dinajpur","WEST BENGAL","NORTH DINAJPUR","SHWB & SIKKIM",170252,3,25.87,88.17,true
"NORTH-DISTRICT","Mangan","SIKKIM","MANGAN","SHWB & SIKKIM",,,27.75,88.51,false
"NORTH-GARO","North Garo Hills","MEGHALAYA","NORTH GARO HILLS","ASSAM & MEGHALAYA",19595,3,25.88,90.68,true
"NORTH-GOA","North Goa","GOA","NORTH GOA","KONKAN & GOA",70991,3,15.53,73.98,true
"NORTH-MIDDLE","North-Middle","","","",,,12.87,93.46,true
"NORTH-TRIPURA","North Tripura","TRIPURA","NORTH TRIPURA","NMMT",40595,3,23.96,92.22,true
"NPT","Nagapattinam","TAMILNADU","NAGAPATTINAM","TAMILNADU, PUDUCHERRY & KARAIKAL",102905,3,10.77,79.85,true
"NRN","Narnaul","HARYANA","MAHENDRAGARH","DELHI, HARYANA AND CHANDIGARH",74581,3,28,76.08,true
"NSK","Nashik","MAHARASHTRA","NASHIK","MADHYA MAHARASHTRA",1486053,1,20.13,73.92,true
"NSP","Narasapur","ANDHRA PRADESH","WEST GODAVARI","COASTAL ANDHRA PRADESH & YANAM",146961,3,16.43,81.7,true
"NTL","Nanital","UTTARAKHAND","NAINITAL","UTTARAKHAND",139497,3,29.4,79.47,true
"NTW","Maharajganj","UTTAR PRADESH","MAHARAJGANJ","EAST UTTAR PRADESH",32587,3,27.43,83.42,false
"NUAPARHE","Nawapara","ODISHA","NAWAPARA","ODISHA",18967,3,20.54,82.6,true
"NWG","NOWGONG","MADHYA PRADESH","CHHATARPUR","EAST MADHYA PRADESH",142128,3,25.07,79.45,true
"NZB","Nizamabad","TELANGANA","NIZAMABAD","TELANGANA",311152,2,18.67,78.1,true
"OKH","Okha","GUJARAT","DEVBHOOMI DWARKA","SAURASHTRA & KUTCH",62052,3,22.48,69.12,true
"ONG","Prakasam","ANDHRA PRADESH","PRAKASAM","COASTAL ANDHRA PRADESH & YANAM",208344,2,15.5,80.08,true
"ORI","ORAI","UTTAR PRADESH","JALAUN","WEST UTTAR PRADESH",158265,3,25.98,79.5,true
"ORISSA","Orissa","ODISHA","KENDRAPARA","ODISHA",47006,3,20.5,86.7,true
"OSMANABAD","Dharashiv","MAHARASHTRA","DHARASHIV","MARATHWADA",112085,3,18.5,75.8,true
"Osmanabad","Osmanabad","MAHARASHTRA","DHARASHIV","MARATHWADA",112085,3,18.207,76.1784,true
"PAKAUR","Pakur","JHARKHAND","PAKUR","JHARKHAND",45840,3,24.53,87.65,true
"PALAKKAD","Palakkad","KERALA","PALAKKAD","KERALA & MAHE",132728,3,10.85,76.57,false
"PALAM","Delhi (Palam)","DELHI (UT)","NEW DELHI","DELHI, HARYANA AND CHANDIGARH",317797,2,28.55,77.1,true
"PALAMAU","Palamu","JHARKHAND","PALAMU","JHARKHAND",78396,3,24.22,84.2,true
"PALGHAR","Palghar","MAHARASHTRA","PALGHAR","KONKAN & GOA",1222390,1,19.76,73.07,false
"PALI","Pali","RAJASTHAN","PALI","WEST RAJASTHAN",230075,2,25.61,73.59,false
"PALLIKARANAI","Pallikaranai","TAMILNADU","CHENNAI","TAMILNADU, PUDUCHERRY & KARAIKAL",4681087,1,12.92,80.2,true
"PALWAL","Palwal","HARYANA","PALWAL","DELHI, HARYANA AND CHANDIGARH",131926,3,28.06,77.31,true
"PANCHKULA","Panchkula","HARYANA","PANCHKULA","DELHI, HARYANA AND CHANDIGARH",211355,2,30.65,77.05,true
"PANCHMAHAL","Panchmahal","GUJARAT","PANCHMAHAL","GUJARAT REGION",143644,3,22.87,73.68,true
"PANCHSHEEL","Meerut","UTTAR PRADESH","MEERUT","WEST UTTAR PRADESH",1223184,1,28.77,77.78,false
"PANIPAT","Panipat","HARYANA","PANIPAT","DELHI, HARYANA AND CHANDIGARH",295970,2,29.33,76.9,true
"PANNA","Panna","MADHYA PRADESH","PANNA","EAST MADHYA PRADESH",59091,3,24.47,80.21,false
"PANTNAGAR","Pantnagar","UTTARAKHAND","UDHAM SINGH NAGAR","UTTARAKHAND",154554,3,29.03,79.46,true
"PAPUMPARA","Papumpara","ARUNACHAL PRADESH","PAPUMPARA","ARUNACHAL PRADESH",59490,3,27.2,93.61,true
"PARBHANI","Parbhani","MAHARASHTRA","PARBHANI","MARATHWADA",307170,2,19.31,76.67,false
"PARO","Paro","","","",,,27.41,89.41,true
"PASHCHIM-CHAMPARAN","West Champaran","BIHAR","WEST CHAMPARAN","BIHAR",132209,3,27.05,84.29,true
"PATAN","Patan","GUJARAT","PATAN","GUJARAT REGION",133737,3,23.77,71.76,true
"PATHANKOT","Pathankot","PUNJAB","PATHANKOT","PUNJAB",174306,3,32.25,75.52,true
"PATIALA","Patiala","PUNJAB","PATIALA","PUNJAB",446246,2,30.34,76.37,false
"PATNA","Patna","BIHAR","PATNA","BIHAR",1684297,1,25.47,85.38,false
"PATTANAMTHITTA","Pathanamthitta","KERALA","PATHANAMTHITTA","KERALA & MAHE",57223,3,9.28,76.98,true
"PAURI","Garhwal Pauri","UTTARAKHAND","GARHWAL PAURI","UTTARAKHAND",27009,3,29.75,78.75,true
"PBD","Porbandar","GUJARAT","PORBANDAR","SAURASHTRA & KUTCH",152760,3,21.65,69.67,true
"PBL","Port Blair","ANDAMAN & NICOBAR ISLANDS (UT)","SOUTH ANDAMAN","ANDAMAN & NICOBAR ISLANDS",112050,3,11.67,92.72,true
"PBN","Pamban","TAMILNADU","RAMANATHAPURAM","TAMILNADU, PUDUCHERRY & KARAIKAL",95579,3,9.27,79.3,true
"PBT","Pilibhit","UTTAR PRADESH","PILIBHIT","WEST UTTAR PRADESH",131008,3,28.63,79.8,true
"PCH","Anantnag","JAMMU & KASHMIR (UT)","ANANTNAG","JAMMU & KASHMIR AND LADAKH",150592,3,34.18,75.51,false
"PCM","Pachmarhi","MADHYA PRADESH","NARMADAPURAM","WEST MADHYA PRADESH",117988,3,22.47,78.43,true
"PDC","Puducherry","PUDUCHERRY (UT)","PUDUCHERRY","TAMILNADU, PUDUCHERRY & KARAIKAL",657209,2,11.92,79.83,true
"PDS","Nanded","MAHARASHTRA","NANDED","MARATHWADA",550564,2,19.75,78.03,false
"PEDDAPALLI","Peddapalle","TELANGANA","PEDDAPALLE","TELANGANA",452261,2,18.62,79.47,true
"PERAMBALUR","Perambalur","TAMILNADU","PERAMBALUR","TAMILNADU, PUDUCHERRY & KARAIKAL",49648,3,11.28,78.9,true
"PEREN","Peren","NAGALAND","PEREN","NMMT",,,25.45,93.64,true
"PERUNGALATHUR","Perungalathur","TAMILNADU","CHENGALPATTU","TAMILNADU, PUDUCHERRY & KARAIKAL",174787,3,12.9,80.08,true
"PHEK","Phek","NAGALAND","PHEK","NMMT",15118,3,25.7,94.38,true
"PHERZAWL","Churachandpur","MANIPUR","CHURACHANDPUR","NMMT",47774,3,24.37,93.11,false
"PHL","Pulwama","JAMMU & KASHMIR (UT)","PULWAMA","JAMMU & KASHMIR AND LADAKH",21680,3,34.02,75.02,false
"PHULBANI","Kandhamal","ODISHA","KANDHAMAL","ODISHA",37371,3,20.15,84.05,true
"PIL","Pilani","RAJASTHAN","JHUNJHUNU","EAST RAJASTHAN",118473,3,28.33,75.58,true
"PILLIBHIT","Pilibhit","UTTAR PRADESH","PILIBHIT","WEST UTTAR PRADESH",131008,3,28.51,80.02,false
"PITHORAGARH","Pithoragarh","UTTARAKHAND","PITHORAGARH","UTTARAKHAND",47571,3,30.12,80.43,false
"PJM","Panjim","GOA","NORTH GOA","KONKAN & GOA",70991,3,15.48,73.82,true
"PKD","PALAKKAD","KERALA","PALAKKAD","KERALA & MAHE",132728,3,10.77,76.65,true
"PLD","PHALODI","RAJASTHAN","JODHPUR","WEST RAJASTHAN",1056191,1,27.13,72.37,true
"PLM","Delhi (Palam)","DELHI (UT)","NEW DELHI","DELHI, HARYANA AND CHANDIGARH",317797,2,28.57,77.1,false
"PLN","Pulbani","ODISHA","KANDHAMAL","ODISHA",37371,3,20.48,84.27,true
"PMY","K. PARAMATHY","TAMILNADU","KARUR","TAMILNADU, PUDUCHERRY & KARAIKAL",234191,2,10.95,78.08,true
"PNA","Panna","MADHYA PRADESH","PANNA","EAST MADHYA PRADESH",59091,3,24.72,80.17,true
"PNB","PANAMBUR","KARNATAKA","DAKSHINA KANNADA","COASTAL KARNATAKA",499487,2,12.95,74.83,true
"PND","Pendra","CHHATTISGARH","GAURELA-PENDRA-MARWAHI","CHHATTISGARH",18165,3,22.77,81.9,true
"PNE","Pune","MAHARASHTRA","PUNE","MADHYA MAHARASHTRA",3124458,1,18.53,73.85,true
"PNG","Asansol","WEST BENGAL","PASHCHIM BARDHAMAN","GANGETIC WEST BENGAL",518872,2,23.47,87.43,true
"PNL","Punalur","KERALA","KOLLAM","KERALA & MAHE",367107,2,9,76.92,true
"PNR","Pantnagar","UTTARAKHAND","UDHAM SINGH NAGAR","UTTARAKHAND",154554,3,29.03,79.47,false
"POKHRA","Pokhra","","","",,,28.23,83.99,true
"POONAMALLE","Poonamalle","TAMILNADU","THIRUVALLUR","TAMILNADU, PUDUCHERRY & KARAIKAL",345996,2,13.04,80.09,true
"POONCH","Poonch","JAMMU & KASHMIR (UT)","POONCH","JAMMU & KASHMIR AND LADAKH",28197,3,33.69,74.22,true
"PORBANDAR","Porbandar","GUJARAT","PORBANDAR","SAURASHTRA & KUTCH",152760,3,21.75,69.76,false
"PORUR","Porur","TAMILNADU","CHENNAI","TAMILNADU, PUDUCHERRY & KARAIKAL",4681087,1,13.03,80.15,true
"PRAKASAM","Prakasam","ANDHRA PRADESH","PRAKASAM","COASTAL ANDHRA PRADESH & YANAM",208344,2,15.64,79.61,false
"PRATAPGARH","Pratapgarh","RAJASTHAN","PRATAPGARH","EAST RAJASTHAN",42079,3,24.02,74.65,true
"PRAYAGRAJ","Prayagraj","UTTAR PRADESH","PRAYAGRAJ","EAST UTTAR PRADESH",1073438,1,25.28,81.93,false
"PRB","Parbhani","MAHARASHTRA","PARBHANI","MARATHWADA",307170,2,19.27,76.77,true
"PRD","Paradip","ODISHA","JAGATSINGHPUR","ODISHA",85868,3,20.3,86.68,true
"PRI","Puri","ODISHA","PURI","ODISHA",200564,2,19.8,85.82,true
"PRL","PURULIA","WEST BENGAL","PURULIA","GANGETIC WEST BENGAL",122533,3,23.33,86.42,true
"PRN","Purnea","BIHAR","BHAGALPUR","BIHAR",400146,2,25.27,87.47,true
"PSD","Pusad","MAHARASHTRA","YEOTMAL","VIDARBHA",128175,3,19.92,77.58,true
"PSG","Passighat","ARUNACHAL PRADESH","EAST SIANG","ARUNACHAL PRADESH",25581,3,28.1,95.38,true
"PTG","Pratapgarh","UTTAR PRADESH","PRATAPGARH","EAST UTTAR PRADESH",73992,3,25.9,81.95,true
"PTL","Patiala","PUNJAB","PATIALA","PUNJAB",446246,2,30.33,76.47,true
"PTN","Patna","BIHAR","PATNA","BIHAR",1684297,1,25.6,85.1,true
"PUDUCHCHERI","Puducherry","PUDUCHERRY (UT)","PUDUCHERRY","TAMILNADU, PUDUCHERRY & KARAIKAL",657209,2,11.91,79.74,false
"PUDUKOTTAI","Pudukkottai","TAMILNADU","PUDUKKOTTAI","TAMILNADU, PUDUCHERRY & KARAIKAL",117630,3,10.29,78.85,false
"PULWAMA","Pulwama","JAMMU & KASHMIR (UT)","PULWAMA","JAMMU & KASHMIR AND LADAKH",21680,3,33.93,75.18,false
"PUNE","Pune","MAHARASHTRA","PUNE","MADHYA MAHARASHTRA",3124458,1,18.64,74.24,false
"PUR","Pauri","UTTARAKHAND","GARHWAL PAURI","UTTARAKHAND",27009,3,30.15,78.78,true
"PURBI-CHAMPARAN","East Champaran","BIHAR","EAST CHAMPARAN","BIHAR",126158,3,26.64,84.9,true
"PURI","Puri","ODISHA","PURI","ODISHA",200564,2,19.95,85.76,false
"PURNIA","Purnea","BIHAR","PURNEA","BIHAR",282248,2,25.78,87.43,false
"Palghar","Palghar","MAHARASHTRA","PALGHAR","KONKAN & GOA",1222390,1,19.6967,72.7699,true
"Panvel","Panvel","MAHARASHTRA","RAIGAD","KONKAN & GOA",195373,3,18.9894,73.1175,true
"Pirana","Pirana","GUJARAT","AHMEDABAD","GUJARAT REGION",6357693,0,22.9771,72.553,true
"Punpun_bihar","Jahanabad","BIHAR","JAHANABAD","BIHAR",103202,3,25.093,85.1147,false
"QZD","Qazigund","JAMMU & KASHMIR (UT)","ANANTNAG","JAMMU & KASHMIR AND LADAKH",150592,3,33.59,75.16,true
"RAEBARELI","Rae Bareilly","UTTAR PRADESH","RAE BAREILLY","EAST UTTAR PRADESH",186433,3,26.2,81.15,true
"RAICHUR","Raichur","KARNATAKA","RAICHUR","NORTHERN INTERIOR KARNATAKA",234073,2,16.06,76.92,false
"RAIGARH","Raigarh","CHHATTISGARH","RAIGARH","CHHATTISGARH",150019,3,22.07,83.37,true
"RAIGARH-MH","Raigad","MAHARASHTRA","RAIGAD","KONKAN & GOA",195373,3,18.49,73.25,false
"RAIPUR","Raipur","CHHATTISGARH","RAIPUR","CHHATTISGARH",1027264,1,21.3,81.86,true
"RAISEN","Raisen","MADHYA PRADESH","RAISEN","WEST MADHYA PRADESH",59654,3,23.27,78.09,false
"RAJANNA-SIRCILLA","Rajanna Sircilla","TELANGANA","RAJANNA SIRCILLA","TELANGANA",83186,3,18.45,78.77,true
"RAJGARH","Rajgarh","MADHYA PRADESH","RAJGARH","WEST MADHYA PRADESH",49093,3,23.77,76.81,false
"RAJKOT","Rajkot","GUJARAT","RAJKOT","SAURASHTRA & KUTCH",1390640,1,22.35,70.77,false
"RAJNANDGAON","Rajnandgaon","CHHATTISGARH","RAJNANDGAON","CHHATTISGARH",163114,3,21.07,80.81,true
"RAJOURI","Rajouri","JAMMU & KASHMIR (UT)","RAJOURI","JAMMU & KASHMIR AND LADAKH",29486,3,33.32,74.4,true
"RAJSAMAND","Rajsamand","RAJASTHAN","RAJSAMAND","EAST RAJASTHAN",67798,3,25.08,73.94,true
"RAMANATHAPURAM","Ramanathapuram","TAMILNADU","RAMANATHAPURAM","TAMILNADU, PUDUCHERRY & KARAIKAL",95579,3,9.34,78.65,true
"RAMBAN","Ramban","JAMMU & KASHMIR (UT)","RAMBAN","JAMMU & KASHMIR AND LADAKH",,,33.24,75.21,true
"RAMGARH","Ramgarh","JHARKHAND","RAMGARH","JHARKHAND",88781,3,23.68,85.54,true
"RAMNAGAR","Ramanagara","KARNATAKA","RAMANAGARA","SOUTHERN INTERIOR KARNATAKA",95167,3,12.72,77.35,true
"RAMPUR","Rampur","UTTAR PRADESH","RAMPUR","WEST UTTAR PRADESH",296418,2,28.87,79.22,true
"RANCHI","Ranchi","JHARKHAND","RANCHI","JHARKHAND",1120374,1,23.3,85.39,false
"RANGAREDDY","Rangareddy","TELANGANA","RANGAREDDY","TELANGANA",261987,2,17.13,78.38,true
"RATLAM","Ratlam","MADHYA PRADESH","RATLAM","WEST MADHYA PRADESH",264914,2,23.51,75.1,false
"RATNAGIRI","Ratnagiri","MAHARASHTRA","RATNAGIRI","KONKAN & GOA",76229,3,17.28,73.45,false
"RAYAGADA","Rayagada","ODISHA","RAYAGADA","ODISHA",71208,3,19.34,83.46,true
"RCH","Raichur","KARNATAKA","RAICHUR","NORTHERN INTERIOR KARNATAKA",234073,2,16.2,77.35,true
"RCT","RENTACHINTALA","ANDHRA PRADESH","PALNADU","COASTAL ANDHRA PRADESH & YANAM",117489,3,16.55,79.55,true
"RDP","Radhanpur","GUJARAT","PATAN","GUJARAT REGION",133737,3,23.83,71.6,true
"REDFORT","Delhi (Red Fort)","DELHI (UT)","CENTRAL DELHI","DELHI, HARYANA AND CHANDIGARH",11034555,0,28.65,77.24,true
"REWA","Rewa","MADHYA PRADESH","REWA","EAST MADHYA PRADESH",235654,2,24.76,81.68,false
"REWARI","Rewari","HARYANA","REWARI","DELHI, HARYANA AND CHANDIGARH",143021,3,28.22,76.57,true
"RGH","Raigarh","CHHATTISGARH","RAIGARH","CHHATTISGARH",150019,3,21.88,83.38,false
"RI-BHOI","Ri Bhoi","MEGHALAYA","RI BHOI","ASSAM & MEGHALAYA",17055,3,25.88,91.82,true
"RIASI","Reasi","JAMMU & KASHMIR (UT)","REASI","JAMMU & KASHMIR AND LADAKH",,,33.19,74.8,true
"RISHIKESH","DEHRADUN","UTTARAKHAND","DEHRADUN","UTTARAKHAND",522081,2,30.19,78.17,true
"RJH","RAJGARH","MADHYA PRADESH","RAJGARH","WEST MADHYA PRADESH",49093,3,24,76.72,true
"RJK","Rajkot","GUJARAT","RAJKOT","SAURASHTRA & KUTCH",1390640,1,22.3,70.78,true
"RMD","Ramagundam","TELANGANA","PEDDAPALLE","TELANGANA",452261,2,18.77,79.43,true
"RMP","Rampur","UTTAR PRADESH","RAMPUR","WEST UTTAR PRADESH",296418,2,28.75,79,false
"RNC","Ranchi","JHARKHAND","RANCHI","JHARKHAND",1120374,1,23.32,85.32,true
"RNG","RANGIA","ASSAM","KAMRUP RURAL","ASSAM & MEGHALAYA",27889,3,26.43,91.62,true
"ROHINI","Rohini","DELHI (UT)","NORTH DELHI","DELHI, HARYANA AND CHANDIGARH",860000,2,28.75,77.06,true
"ROHTAK","Rohtak","HARYANA","ROHTAK","DELHI, HARYANA AND CHANDIGARH",374292,2,28.89,76.56,false
"ROHTAS","Rohtas","BIHAR","ROHTAS","BIHAR",147408,3,24.94,83.99,false
"RPR","Raipur-Lalpur","CHHATTISGARH","RAIPUR","CHHATTISGARH",1027264,1,21.23,81.65,true
"RRK","Roorkee","UTTARAKHAND","HARDWAR","UTTARAKHAND",186079,3,29.85,77.88,true
"RRL","Rourkela","ODISHA","SUNDARGARH","ODISHA",273317,2,22.22,84.88,true
"RSN","RAISEN","MADHYA PRADESH","RAISEN","WEST MADHYA PRADESH",59654,3,23.32,77.83,true
"RTK","Rohtak","HARYANA","ROHTAK","DELHI, HARYANA AND CHANDIGARH",374292,2,28.83,76.58,true
"RTL","RATLAM","MADHYA PRADESH","RATLAM","WEST MADHYA PRADESH",264914,2,23.32,75.05,true
"RTN","Ratnagiri","MAHARASHTRA","RATNAGIRI","KONKAN & GOA",76229,3,16.98,73.33,true
"RUDRAPRAYAG","Rudraprayag","UTTARAKHAND","RUDRAPRAYAG","UTTARAKHAND",,,30.61,79.09,true
"RUP","RUPSI","ASSAM","KOKRAJHAR","ASSAM & MEGHALAYA",34136,3,26.15,89.92,true
"RUPNAGAR","Rupnagar","PUNJAB","RUPNAGAR","PUNJAB",56038,3,30.93,76.51,true
"RWA","Rewa","MADHYA PRADESH","REWA","EAST MADHYA PRADESH",235654,2,24.53,81.3,true
"RXL","East Champaran","BIHAR","EAST CHAMPARAN","BIHAR",126158,3,26.98,84.85,false
"Rabale","T.B.I.A","MAHARASHTRA","THANE","KONKAN & GOA",2600000,1,19.1463,73.0081,true
"Raikhad","Raikhad","GUJARAT","AHMEDABAD","GUJARAT REGION",6357693,0,23.0205,72.5793,true
"Rakhiyal","Rakhiyal","GUJARAT","AHMEDABAD","GUJARAT REGION",6357693,0,23.0168,72.6258,true
"S-EAST-DELHI","South Delhi","DELHI (UT)","SOUTH DELHI","DELHI, HARYANA AND CHANDIGARH",169122,3,28.55,77.28,true
"S-WEST-DELHI","South West Delhi","DELHI (UT)","SOUTH WEST DELHI","DELHI, HARYANA AND CHANDIGARH",1365000,1,28.58,76.97,true
"SAB","Bhagalpur","BIHAR","BHAGALPUR","BIHAR",400146,2,25.23,87.07,false
"SABARKANTHA","Aravalli","GUJARAT","ARAVALLI","GUJARAT REGION",67648,3,23.77,73.2,false
"SAFDARJUNG","Delhi","DELHI (UT)","SOUTH DELHI","DELHI, HARYANA AND CHANDIGARH",169122,3,28.58,77.21,true
"SAG","Sagar Island","WEST BENGAL","SOUTH 24 PARGANAS","GANGETIC WEST BENGAL",448317,2,21.72,88.1,true
"SAGAR","Sagar","MADHYA PRADESH","SAGAR","EAST MADHYA PRADESH",274556,2,23.81,78.71,false
"SAHAB","Hemkund Sahib","UTTARAKHAND","CHAMOLI","UTTARAKHAND",,,30.69,79.62,true
"SAHARANPUR","Saharanpur","UTTAR PRADESH","SAHARANPUR","WEST UTTAR PRADESH",484873,2,29.95,77.5,true
"SAHARSA","Saharsa","BIHAR","SAHARSA","BIHAR",156540,3,25.84,86.6,true
"SAHEBGANJ","Sahibganj","JHARKHAND","SAHIBGANJ","JHARKHAND",95890,3,25.03,87.71,true
"SAIHA","Saiha","MIZORAM","SAIHA","NMMT",25110,3,22.25,92.95,true
"SALEM","Salem","TAMILNADU","SALEM","TAMILNADU, PUDUCHERRY & KARAIKAL",917414,2,11.7,78.1,false
"SAMASTIPUR","Samastipur","BIHAR","SAMASTIPUR","BIHAR",67925,3,25.77,85.97,true
"SAMBA","Samba","JAMMU & KASHMIR (UT)","SAMBA","JAMMU & KASHMIR AND LADAKH",26893,3,32.58,75.1,true
"SAMBALPUR","Sambalpur","ODISHA","SAMBALPUR","ODISHA",189366,3,21.5,84.2,false
"SAMBHAL","Sambhal","UTTAR PRADESH","SAMBHAL","WEST UTTAR PRADESH",196109,3,28.55,78.54,true
"SAN","Sangrur","PUNJAB","SANGRUR","PUNJAB",135424,3,30.17,75.83,true
"SANGAREDDY","Sangareddy","TELANGANA","SANGAREDDY","TELANGANA",150525,3,17.73,77.94,true
"SANGLI","Sangli","MAHARASHTRA","SANGLI","MADHYA MAHARASHTRA",601214,2,17.17,74.68,false
"SANGRUR","Sangrur","PUNJAB","SANGRUR","PUNJAB",135424,3,30.21,75.88,false
"SANTRAVI","Bhadohi","UTTAR PRADESH","BHADOHI","EAST UTTAR PRADESH",200000,2,25.36,82.63,true
"SARAIKELA","Seraikela-kharsawan","JHARKHAND","SERAIKELA-KHARSAWAN","JHARKHAND",174355,3,22.81,85.88,true
"SARAN","Saran","BIHAR","SARAN","BIHAR",202352,2,25.92,84.81,true
"SATARA","Satara","MAHARASHTRA","SATARA","MADHYA MAHARASHTRA",120195,3,17.64,74.22,false
"SATNA","Satna","MADHYA PRADESH","SATNA","EAST MADHYA PRADESH",282977,2,24.58,80.88,false
"SAWAI-MADHOPUR","Sawai Madhopur","RAJASTHAN","SAWAI MADHOPUR","EAST RAJASTHAN",121106,3,26.1,76.65,true
"SBR","Sivasagar","ASSAM","SIBSAGAR","ASSAM & MEGHALAYA",62104,3,26.98,94.63,true
"SCZ","Mumbai (Santacruz)","MAHARASHTRA","MUMBAI SUBURBAN","KONKAN & GOA",12691836,0,19.12,72.85,false
"SDH","Sdh","","","",,,20.85,88.25,true
"SDI","SIDHI","MADHYA PRADESH","SIDHI","EAST MADHYA PRADESH",54331,3,24.42,81.87,true
"SDN","SURENDRANAGAR","GUJARAT","SURENDRANAGAR","SAURASHTRA & KUTCH",179628,3,22.73,71.6,true
"SEHORE","Sehore","MADHYA PRADESH","SEHORE","WEST MADHYA PRADESH",109118,3,23.02,77.04,true
"SENAPATI","Senapati","MANIPUR","SENAPATI","NMMT",7476,3,25.3,94.08,false
"SEONI","Seoni","MADHYA PRADESH","SEONI","EAST MADHYA PRADESH",102343,3,22.27,79.74,false
"SEPAHIJALA","Sipahijala","TRIPURA","SIPAHIJALA","NMMT",21085,3,23.53,91.3,true
"SERCHHIP","Serchhip","MIZORAM","SERCHHIP","NMMT",21158,3,23.26,92.94,true
"SFD","Delhi","DELHI (UT)","SOUTH DELHI","DELHI, HARYANA AND CHANDIGARH",169122,3,28.58,77.23,false
"SGR","Sagar","MADHYA PRADESH","SAGAR","EAST MADHYA PRADESH",274556,2,23.85,78.75,true
"SHAHDARA","East Delhi","DELHI (UT)","EAST DELHI","DELHI, HARYANA AND CHANDIGARH",154791,3,28.66,77.3,false
"SHAHDOL","Shahdol","MADHYA PRADESH","SHAHDOL","EAST MADHYA PRADESH",89289,3,23.65,81.49,true
"SHAHJAHANPUR","Shahjahanpur","UTTAR PRADESH","SHAHJAHANPUR","WEST UTTAR PRADESH",320434,2,27.97,79.85,false
"SHAJAPUR","Shajapur","MADHYA PRADESH","SHAJAPUR","WEST MADHYA PRADESH",69263,3,23.35,76.67,true
"SHAMLI","Shamli","UTTAR PRADESH","SHAMLI","WEST UTTAR PRADESH",97966,3,29.46,77.29,false
"SHEIKHPURA","Sheikhpura","BIHAR","SHEIKHPURA","BIHAR",62927,3,25.12,85.79,true
"SHEOPUR","Sheopur","MADHYA PRADESH","SHEOPUR","WEST MADHYA PRADESH",71951,3,25.74,77.07,false
"SHG","Ladakh (LEH)","LADAKH (UT)","LADAKH (LEH)","JAMMU & KASHMIR AND LADAKH",37475,3,35.01,75.51,false
"SHIMLA","Shimla","HIMACHAL PRADESH","SHIMLA","HIMACHAL PRADESH",173503,3,31.24,77.65,true
"SHIMOGA","Shivamogga","KARNATAKA","SHIVAMOGGA","SOUTHERN INTERIOR KARNATAKA",322650,2,14.06,75.25,true
"SHIVHAR","Sheohar","BIHAR","SHEOHAR","BIHAR",28116,3,26.49,85.29,true
"SHIVPURI","Shivpuri","MADHYA PRADESH","SHIVPURI","WEST MADHYA PRADESH",179977,3,25.38,77.74,false
"SHJ","SHAHJAHANPUR","UTTAR PRADESH","SHAHJAHANPUR","WEST UTTAR PRADESH",320434,2,27.88,79.9,true
"SHL","Shillong","MEGHALAYA","EAST KHASI HILLS","ASSAM & MEGHALAYA",143229,3,25.57,91.88,true
"SHOLAPUR","Sholapur","MAHARASHTRA","SHOLAPUR","MADHYA MAHARASHTRA",997281,2,17.83,75.52,false
"SHOLINGANALLUR","Sholinganallur","TAMILNADU","CHENNAI","TAMILNADU, PUDUCHERRY & KARAIKAL",4681087,1,12.91,80.24,true
"SHOPIAN","Shopian","JAMMU & KASHMIR (UT)","SHOPIAN","JAMMU & KASHMIR AND LADAKH",16360,3,33.72,74.79,true
"SHP","Sheopur","MADHYA PRADESH","SHEOPUR","WEST MADHYA PRADESH",71951,3,25.67,76.68,true
"SHR","Tirupati","ANDHRA PRADESH","TIRUPATI","RAYALSEEMA",295323,2,13.72,80.2,true
"SHRAVASTI","Shrawasti","UTTAR PRADESH","SHRAWASTI","EAST UTTAR PRADESH",22016,3,27.61,81.92,true
"SIANG","East Siang","ARUNACHAL PRADESH","EAST SIANG","ARUNACHAL PRADESH",25581,3,28.48,94.78,false
"SIBSAGAR","Sibsagar","ASSAM","SIBSAGAR","ASSAM & MEGHALAYA",62104,3,26.95,94.74,false
"SIDDHI","Sidhi","MADHYA PRADESH","SIDHI","EAST MADHYA PRADESH",54331,3,24.32,81.75,false
"SIDDIPET","Siddipet","TELANGANA","SIDDIPET","TELANGANA",66737,3,18.01,78.9,true
"SIDHARTH-NGR","Siddharth Nagar","UTTAR PRADESH","SIDDHARTH NAGAR","EAST UTTAR PRADESH",39926,3,27.26,82.87,true
"SIKAR","Sikar","RAJASTHAN","SIKAR","EAST RAJASTHAN",244497,2,27.66,75.1,true
"SILVASSA","Silvassa","DADRA & NAGAR HAVELI AND DAMAN & DIU (UT)","DADARA & NAGAR HAVELI","GUJARAT REGION",98265,3,20.27,73,true
"SIMDEGA","Simdega","JHARKHAND","SIMDEGA","JHARKHAND",42944,3,22.59,84.54,true
"SINDHUDURG","Sindhudurg","MAHARASHTRA","SINDHUDURG","KONKAN & GOA",23851,3,16.14,73.76,false
"SINGROLI","Singrauli","MADHYA PRADESH","SINGRAULI","EAST MADHYA PRADESH",220257,2,24.24,82.35,true
"SIRMUR","Sirmaur","HIMACHAL PRADESH","SIRMAUR","HIMACHAL PRADESH",28899,3,30.7,77.43,true
"SIROHI","Sirohi","RAJASTHAN","SIROHI","EAST RAJASTHAN",55599,3,24.81,72.71,true
"SIRSA","Sirsa","HARYANA","SIRSA","DELHI, HARYANA AND CHANDIGARH",182534,3,29.6,74.89,true
"SITAMARHI","Sitamarhi","BIHAR","SITAMARHI","BIHAR",67818,3,26.57,85.54,true
"SITAPUR","Sitapur","UTTAR PRADESH","SITAPUR","EAST UTTAR PRADESH",164435,3,27.51,80.86,true
"SIVAGANGA","Sivaganga","TAMILNADU","SIVAGANGA","TAMILNADU, PUDUCHERRY & KARAIKAL",181851,3,9.88,78.63,false
"SIWAN","Siwan","BIHAR","SIWAN","BIHAR",135066,3,26.13,84.4,true
"SJP","Shajapur","MADHYA PRADESH","SHAJAPUR","WEST MADHYA PRADESH",69263,3,23.43,76.32,false
"SKR","Siker","RAJASTHAN","SIKAR","EAST RAJASTHAN",244497,2,27.62,75.13,true
"SKT","Sriniketan","WEST BENGAL","BIRBHUM","GANGETIC WEST BENGAL",70998,3,23.65,87.7,true
"SLC","Silchar","ASSAM","CACHAR","ASSAM & MEGHALAYA",178865,3,24.75,92.8,true
"SLG","Darjeeling","WEST BENGAL","DARJEELING","SHWB & SIKKIM",515574,2,26.67,88.37,false
"SLM","Salem","TAMILNADU","SALEM","TAMILNADU, PUDUCHERRY & KARAIKAL",917414,2,11.65,78.17,true
"SLP","Sholapur","MAHARASHTRA","SHOLAPUR","MADHYA MAHARASHTRA",997281,2,17.67,75.9,true
"SMB","Sambalpur","ODISHA","SAMBALPUR","ODISHA",189366,3,21.47,83.97,true
"SMG","Shimoga","KARNATAKA","SHIVAMOGGA","SOUTHERN INTERIOR KARNATAKA",322650,2,13.93,75.63,true
"SML","Shimla-City","HIMACHAL PRADESH","SHIMLA","HIMACHAL PRADESH",173503,3,31.1,77.17,true
"SMP","Sawai Madhopur","RAJASTHAN","SAWAI MADHOPUR","EAST RAJASTHAN",121106,3,25.98,76.37,false
"SNG","Sangli","MAHARASHTRA","SANGLI","MADHYA MAHARASHTRA",601214,2,16.85,74.6,true
"SNI","Seoni","MADHYA PRADESH","SEONI","EAST MADHYA PRADESH",102343,3,22.08,79.55,true
"SNM","Bandipora","JAMMU & KASHMIR (UT)","BANDIPORA","JAMMU & KASHMIR AND LADAKH",37081,3,34.32,75.32,false
"SOLAN","Solan","HIMACHAL PRADESH","SOLAN","HIMACHAL PRADESH",40283,3,31.06,76.93,false
"SON","Nagpur","MAHARASHTRA","NAGPUR","VIDARBHA",2405665,1,21.1,79.05,true
"SONAPUR","Sonepur","ODISHA","SONEPUR","ODISHA",20770,3,20.95,83.89,true
"SONBHADRA","Sonbhadra","UTTAR PRADESH","SONBHADRA","EAST UTTAR PRADESH",62413,3,24.39,83.04,true
"SONEPRAYAG","Soneprayag","UTTARAKHAND","RUDRAPRAYAG","UTTARAKHAND",,,30.63,78.99,true
"SONIPAT","Sonepat","HARYANA","SONEPAT","DELHI, HARYANA AND CHANDIGARH",289333,2,29.05,76.86,true
"SONITPUR","Sonitpur","ASSAM","SONITPUR","ASSAM & MEGHALAYA",75540,3,26.77,92.7,false
"SOUTH","Namchi","SIKKIM","NAMCHI","SHWB & SIKKIM",,,27.31,88.4,true
"SOUTH-DELHI","South Delhi","DELHI (UT)","SOUTH DELHI","DELHI, HARYANA AND CHANDIGARH",169122,3,28.47,77.18,false
"SOUTH-GARO","South Garo Hills","MEGHALAYA","SOUTH GARO HILLS","ASSAM & MEGHALAYA",,,25.24,90.68,true
"SOUTH-GOA","South Goa","GOA","SOUTH GOA","KONKAN & GOA",102345,3,15.12,74.06,false
"SOUTH-TRIPURA","South Tripura","TRIPURA","SOUTH TRIPURA","NMMT",19996,3,23.25,91.6,true
"SRC","Gadchiroli","MAHARASHTRA","GADCHIROLI","VIDARBHA",54152,3,18.85,79.97,false
"SRI-KAKULAM","Srikakulam","ANDHRA PRADESH","SRIKAKULAM","COASTAL ANDHRA PRADESH & YANAM",137944,3,18.62,84.09,true
"SRINAGAR","Ganderbal","JAMMU & KASHMIR (UT)","GANDERBAL","JAMMU & KASHMIR AND LADAKH",28233,3,34.17,75.05,false
"SRINAGAR-UK","Srinagar Uttarakhand","UTTARAKHAND","GARHWAL PAURI","UTTARAKHAND",27009,3,30.22,78.81,true
"SRL","SHIRALI","KARNATAKA","UTTARA KANNADA","COASTAL KARNATAKA",77139,3,14.07,74.53,true
"SRN","Srinagar-City","JAMMU & KASHMIR (UT)","SRINAGAR","JAMMU & KASHMIR AND LADAKH",1206419,1,34.08,74.83,true
"SRT","Surat","GUJARAT","SURAT","GUJARAT REGION",4591246,1,21.2,72.83,true
"SS-MANKACHAR","Cooch Behar","WEST BENGAL","COOCH BEHAR","SHWB & SIKKIM",78737,3,25.78,89.61,false
"STA","Satara","MAHARASHTRA","SATARA","MADHYA MAHARASHTRA",120195,3,17.52,74.05,true
"STN","Satna","MADHYA PRADESH","SATNA","EAST MADHYA PRADESH",282977,2,24.57,80.83,true
"STP","Sultanpur","UTTAR PRADESH","SULTANPUR","EAST UTTAR PRADESH",110368,3,26.25,82,true
"SUKMA","Sukma","CHHATTISGARH","SUKMA","CHHATTISGARH",0,3,18.2,81.34,true
"SULTANUR","Sultanpur","UTTAR PRADESH","SULTANPUR","EAST UTTAR PRADESH",110368,3,26.25,82.22,false
"SUN","Sundergarh","ODISHA","SUNDARGARH","ODISHA",273317,2,22.02,84,true
"SUNDERGARH","Sundargarh","ODISHA","SUNDARGARH","ODISHA",273317,2,22.25,84.46,true
"SUP","Supaul","BIHAR","SUPAUL","BIHAR",65437,3,26.13,86.58,true
"SUPAUL","Supaul","BIHAR","SUPAUL","BIHAR",65437,3,26.28,86.76,false
"SURAJPUR","Surajpur","CHHATTISGARH","SURAJPUR","CHHATTISGARH",20189,3,23.38,82.98,true
"SURAT","Surat","GUJARAT","SURAT","GUJARAT REGION",4591246,1,21.3,73.04,false
"SURENDRANAGAR","Surendranagar","GUJARAT","SURENDRANAGAR","SAURASHTRA & KUTCH",179628,3,22.6,71.57,false
"SURGUJA","Surguja","CHHATTISGARH","SURGUJA","CHHATTISGARH",121071,3,23.07,83.29,true
"SURYAPET","Suryapet","TELANGANA","SURYAPET","TELANGANA",111729,3,17.08,79.72,true
"SVP","Shivpuri","MADHYA PRADESH","SHIVPURI","WEST MADHYA PRADESH",179977,3,25.33,77.65,true
"SWEST-GARO","Dhubri","ASSAM","DHUBRI","ASSAM & MEGHALAYA",63388,3,25.5,89.7,false
"SWEST-KHASI","South West Khasi Hills","MEGHALAYA","SOUTH WEST KHASI HILLS","ASSAM & MEGHALAYA",,,25.31,91.21,true
"S_P_Stadium","Navrangpura","GUJARAT","AHMEDABAD","GUJARAT REGION",6357693,0,23.043,72.563,true
"TAMENGLONG","Tamenglong","MANIPUR","TAMENGLONG","NMMT",19363,3,25.1,93.56,false
"TAN","Udalguri","ASSAM","UDALGURI","ASSAM & MEGHALAYA",17183,3,26.65,91.92,true
"TAPI","Tapi","GUJARAT","TAPI","GUJARAT REGION",39789,3,21.29,73.6,true
"TAPOVAN","Tapovan","UTTARAKHAND","CHAMOLI","UTTARAKHAND",,,30.49,79.63,true
"TARAN","Tarn Taran","PUNJAB","TARN TARAN","PUNJAB",66847,3,31.33,74.9,true
"TAWANG","Tawang","ARUNACHAL PRADESH","TAWANG","ARUNACHAL PRADESH",,,27.66,92.01,true
"TEHRI-GARHWAL","Garhwal Tehri","UTTARAKHAND","GARHWAL TEHRI","UTTARAKHAND",27611,3,30.37,78.49,true
"TEN","Tenkasi","TAMILNADU","TENKASI","TAMILNADU, PUDUCHERRY & KARAIKAL",90364,3,8.95,77.31,true
"TENGNOUPAL","Chandel","MANIPUR","CHANDEL","NMMT",16847,3,24.48,94.23,false
"TEZ","Sonitpur","ASSAM","SONITPUR","ASSAM & MEGHALAYA",75540,3,26.72,92.8,false
"THAMBARAM","Thambaram","TAMILNADU","CHENGALPATTU","TAMILNADU, PUDUCHERRY & KARAIKAL",174787,3,12.92,80.12,true
"THANE","Thane","MAHARASHTRA","THANE","KONKAN & GOA",2600000,1,19.35,73.32,false
"THANJAVUR","Thanjavur","TAMILNADU","THANJAVUR","TAMILNADU, PUDUCHERRY & KARAIKAL",291067,2,10.79,79.1,false
"THENI","Theni","TAMILNADU","THENI","TAMILNADU, PUDUCHERRY & KARAIKAL",1034724,1,9.87,77.45,true
"THIMPHU","Thimphu","","","",,,27.47,89.75,true
"THIRUVETRIVUR","Thiruvetrivur","TAMILNADU","CHENNAI","TAMILNADU, PUDUCHERRY & KARAIKAL",4681087,1,13.15,80.29,true
"THOUBAL","Thoubal","MANIPUR","THOUBAL","NMMT",45947,3,24.65,94.02,true
"THR","Tehri","UTTARAKHAND","GARHWAL TEHRI","UTTARAKHAND",27611,3,30.4,78.48,true
"THRISSUR","Thrissur","KERALA","THRISSUR","KERALA & MAHE",315957,2,10.48,76.35,true
"TIKAMGARH","Tikamgarh","MADHYA PRADESH","TIKAMGARH","EAST MADHYA PRADESH",79106,3,25,78.89,false
"TINSUKIA","Tinsukia","ASSAM","TINSUKIA","ASSAM & MEGHALAYA",116322,3,27.59,95.62,false
"TIR","Palayankottai","TAMILNADU","TIRUNELVELI","TAMILNADU, PUDUCHERRY & KARAIKAL",1435844,1,8.73,77.75,true
"TIRAP","Tirap","ARUNACHAL PRADESH","TIRAP","ARUNACHAL PRADESH",,,26.95,95.54,false
"TIRUNELVELI","Tenkasi","TAMILNADU","TENKASI","TAMILNADU, PUDUCHERRY & KARAIKAL",90364,3,8.85,77.57,false
"TIRUPPUR","Tiruppur","TAMILNADU","TIRUPPUR","TAMILNADU, PUDUCHERRY & KARAIKAL",963173,2,10.79,77.5,true
"TIRUVALLUR","Thiruvallur","TAMILNADU","THIRUVALLUR","TAMILNADU, PUDUCHERRY & KARAIKAL",345996,2,13.26,80.07,true
"TIRUVANDRUM","Thiruvananthapuram","KERALA","THIRUVANANTHAPURAM","KERALA & MAHE",788271,2,8.57,76.97,false
"TIRUVANNAMALAI","Tiruvannamalai","TAMILNADU","TIRUVANNAMALAI","TAMILNADU, PUDUCHERRY & KARAIKAL",145278,3,12.55,79.15,true
"TIRUVARUR","Tiruvarur","TAMILNADU","TIRUVARUR","TAMILNADU, PUDUCHERRY & KARAIKAL",66999,3,10.65,79.52,true
"TKG","Tikamgarh","MADHYA PRADESH","TIKAMGARH","EAST MADHYA PRADESH",79106,3,24.77,78.83,true
"TMK","Tumakuru","KARNATAKA","TUMAKURU","SOUTHERN INTERIOR KARNATAKA",307359,2,13.33,77.08,true
"TND","Tondi","TAMILNADU","RAMANATHAPURAM","TAMILNADU, PUDUCHERRY & KARAIKAL",95579,3,9.73,79.03,true
"TNG","Tuensang","NAGALAND","TUENSANG","NMMT",36774,3,26.27,94.82,true
"TNI","Tuni","ANDHRA PRADESH","KAKINADA","COASTAL ANDHRA PRADESH & YANAM",384182,2,17.35,82.55,true
"TNJ","THANJAVUR","TAMILNADU","THANJAVUR","TAMILNADU, PUDUCHERRY & KARAIKAL",291067,2,10.78,79.13,true
"TNK","Tonk","RAJASTHAN","TONK","EAST RAJASTHAN",165294,3,26.17,75.75,true
"TONK","Tonk","RAJASTHAN","TONK","EAST RAJASTHAN",165294,3,26.12,75.72,false
"TPI","Tirupathi","ANDHRA PRADESH","TIRUPATI","RAYALSEEMA",295323,2,13.67,79.58,true
"TRA","West Garo Hills","MEGHALAYA","WEST GARO HILLS","ASSAM & MEGHALAYA",74858,3,25.52,90.23,true
"TRIBAL-TERRITY","Ladakh (LEH)","LADAKH (UT)","LADAKH (LEH)","JAMMU & KASHMIR AND LADAKH",37475,3,35.85,73.7,false
"TRICHY","Thiruchirapalli","TAMILNADU","THIRUCHIRAPALLI","TAMILNADU, PUDUCHERRY & KARAIKAL",1022518,1,10.94,78.69,true
"TRP","Tiruchirapalli","TAMILNADU","THIRUCHIRAPALLI","TAMILNADU, PUDUCHERRY & KARAIKAL",1022518,1,10.77,78.72,true
"TRR","TIRUPPATTUR","TAMILNADU","TIRUPATTUR","TAMILNADU, PUDUCHERRY & KARAIKAL",114608,3,12.48,78.57,true
"TRT","TIRUTTANI","TAMILNADU","THIRUVALLUR","TAMILNADU, PUDUCHERRY & KARAIKAL",345996,2,13.15,79.53,true
"TRV","Thiruvananthapuram","KERALA","THIRUVANANTHAPURAM","KERALA & MAHE",788271,2,8.48,76.95,true
"TTC","TUTICORIN NEW PORT","TAMILNADU","THOOTHUKUDI","TAMILNADU, PUDUCHERRY & KARAIKAL",410760,2,8.75,78.18,true
"TTG","Balangir","ODISHA","BALANGIR","ODISHA",98238,3,20.29,83.14,false
"TUENSANG","Tuensang","NAGALAND","TUENSANG","NMMT",36774,3,26.17,94.87,false
"TUMKUR","Tumakuru","KARNATAKA","TUMAKURU","SOUTHERN INTERIOR KARNATAKA",307359,2,13.55,76.93,false
"TUTICORIN","Thoothukudi","TAMILNADU","THOOTHUKUDI","TAMILNADU, PUDUCHERRY & KARAIKAL",410760,2,8.9,78,true
"TZP","Tezpur","ASSAM","SONITPUR","ASSAM & MEGHALAYA",75540,3,26.62,92.78,true
"Thane","Thane","MAHARASHTRA","THANE","KONKAN & GOA",2600000,1,19.2183,72.9781,true
"UDA","Udaipur","RAJASTHAN","UDAIPUR","EAST RAJASTHAN",451100,2,24.62,73.88,true
"UDAIPUR","Udaipur","RAJASTHAN","UDAIPUR","EAST RAJASTHAN",451100,2,24.47,73.73,false
"UDALGURI","Udalguri","ASSAM","UDALGURI","ASSAM & MEGHALAYA",17183,3,26.7,92.06,false
"UDHAMPUR","Udhampur","JAMMU & KASHMIR (UT)","UDHAMPUR","JAMMU & KASHMIR AND LADAKH",84015,3,32.9,75.38,false
"UDHAMSINGH-NGR","Udham Singh Nagar","UTTARAKHAND","UDHAM SINGH NAGAR","UTTARAKHAND",154554,3,28.95,79.75,true
"UDM","Udhampur","JAMMU & KASHMIR (UT)","UDHAMPUR","JAMMU & KASHMIR AND LADAKH",84015,3,32.91,75.17,false
"UDP","Udaipur","RAJASTHAN","UDAIPUR","EAST RAJASTHAN",451100,2,24.58,73.7,false
"UDUPI","Udupi","KARNATAKA","UDUPI","COASTAL KARNATAKA",165000,3,13.48,74.89,true
"UJJAIN","Ujjain","MADHYA PRADESH","UJJAIN","WEST MADHYA PRADESH",515215,2,23.3,75.69,false
"UJN","Ujjain","MADHYA PRADESH","UJJAIN","WEST MADHYA PRADESH",515215,2,23.18,75.78,true
"UKHIMATH","Ukhimath","UTTARAKHAND","RUDRAPRAYAG","UTTARAKHAND",,,30.51,79.09,true
"UKHRUL","Ukhrul","MANIPUR","UKHRUL","NMMT",27187,3,25.08,94.43,false
"ULB","Uluberia","WEST BENGAL","HOWRAH","GANGETIC WEST BENGAL",1027672,1,22.47,88.1,true
"UMARIA","Umaria","MADHYA PRADESH","UMARIA","EAST MADHYA PRADESH",33114,3,23.64,80.94,false
"UMR","Umaria","MADHYA PRADESH","UMARIA","EAST MADHYA PRADESH",33114,3,23.53,80.88,true
"UNA","Una","HIMACHAL PRADESH","UNA","HIMACHAL PRADESH",18722,3,31.58,76.21,true
"UNAKOTI","Unakoti","TRIPURA","UNAKOTI","NMMT",22405,3,24.18,92.06,true
"UNNAO","Unnao","UTTAR PRADESH","UNNAO","EAST UTTAR PRADESH",161671,3,26.57,80.55,true
"UPPER-DIBANG-VALLEY","Dibang Valley","ARUNACHAL PRADESH","DIBANG VALLEY","ARUNACHAL PRADESH",,,28.85,95.93,true
"UPPER-SIANG","Upper Siang","ARUNACHAL PRADESH","UPPER SIANG","ARUNACHAL PRADESH",,,28.95,94.8,true
"UPPER-SUBANSIRI","Upper Subansiri","ARUNACHAL PRADESH","UPPER SUBANSIRI","ARUNACHAL PRADESH",,,28.38,93.8,true
"USI","Lucknow (Airport)","UTTAR PRADESH","LUCKNOW","EAST UTTAR PRADESH",2472011,1,26.75,80.88,true
"UTK","Uttarkashi","UTTARAKHAND","UTTARKASHI","UTTARAKHAND",17123,3,30.73,78.45,true
"UTM","UDHAGAMANDALAM","TAMILNADU","NILGIRIS","TAMILNADU, PUDUCHERRY & KARAIKAL",233426,2,11.4,76.73,true
"UTTARKANNAD","Uttara Kannada","KARNATAKA","UTTARA KANNADA","COASTAL KARNATAKA",77139,3,14.73,74.58,true
"UTTARKASHI","Uttarkashi","UTTARAKHAND","UTTARKASHI","UTTARAKHAND",17123,3,30.97,78.58,false
"Udgir","Udgir","MAHARASHTRA","LATUR","MARATHWADA",382940,2,18.3943,77.1126,true
"VAISHALI","Vaishali","BIHAR","VAISHALI","BIHAR",147688,3,25.75,85.35,true
"VALSAD","Valsad","GUJARAT","VALSAD","GUJARAT REGION",163630,3,20.43,73.11,true
"VARANASI","Varanasi","UTTAR PRADESH","VARANASI","EAST UTTAR PRADESH",1164404,1,25.45,83.09,false
"VDN","Vedaranyam","TAMILNADU","NAGAPATTINAM","TAMILNADU, PUDUCHERRY & KARAIKAL",102905,3,10.37,79.85,true
"VDS","Vidisha","MADHYA PRADESH","VIDISHA","WEST MADHYA PRADESH",155951,3,23.53,77.82,true
"VELLORE","Vellore","TAMILNADU","VELLORE","TAMILNADU, PUDUCHERRY & KARAIKAL",484690,2,12.91,79,false
"VIDISHA","Vidisha","MADHYA PRADESH","VIDISHA","WEST MADHYA PRADESH",155951,3,23.85,77.78,false
"VIKARABAD","Vikarabad","TELANGANA","VIKARABAD","TELANGANA",65115,3,17.27,77.71,true
"VILLUPURAM","Kallakurichi","TAMILNADU","KALLAKURICHI","TAMILNADU, PUDUCHERRY & KARAIKAL",1682687,1,11.79,79.12,false
"VIRUDHUNAGAR","Virudhunagar","TAMILNADU","VIRUDHUNAGAR","TAMILNADU, PUDUCHERRY & KARAIKAL",234704,2,9.43,77.91,true
"VISAKHAPATNAM","Anakapalli","ANDHRA PRADESH","ANAKAPALLI","COASTAL ANDHRA PRADESH & YANAM",86519,3,17.8,82.66,true
"VIZIANAGARAM","Vizianagaram","ANDHRA PRADESH","VIZIANAGARAM","COASTAL ANDHRA PRADESH & YANAM",228720,2,18.09,83.55,true
"VJW","Vijayawada","ANDHRA PRADESH","NTR DISTRICT","COASTAL ANDHRA PRADESH & YANAM",1143232,1,16.5,80.64,true
"VLR","Vellore","TAMILNADU","VELLORE","TAMILNADU, PUDUCHERRY & KARAIKAL",484690,2,12.92,79.15,true
"VNG","Vengurla","MAHARASHTRA","SINDHUDURG","KONKAN & GOA",23851,3,15.87,73.63,true
"VNS","Varanasi","UTTAR PRADESH","VARANASI","EAST UTTAR PRADESH",1164404,1,25.45,82.87,true
"VRS","Varanasi BHU","UTTAR PRADESH","CHANDAULI","EAST UTTAR PRADESH",109650,3,25.3,83.02,true
"VSK","Visakhapatnam","ANDHRA PRADESH","VISHAKHAPATNAM","COASTAL ANDHRA PRADESH & YANAM",1728128,1,17.72,83.23,true
"VVL","Veraval","GUJARAT","GIR SOMNATH","SAURASHTRA & KUTCH",171121,3,20.9,70.37,true
"VVN","VALLABH VIDYANAGAR","GUJARAT","ANAND","GUJARAT REGION",209410,2,22.57,72.93,true
"W-KARBI-ANALOG","Karbi Anglong","ASSAM","KARBI ANGLONG","ASSAM & MEGHALAYA",61797,3,25.85,92.62,false
"WANAPARTHY","Wanaparthy","TELANGANA","WANAPARTHY","TELANGANA",60949,3,16.36,77.99,true
"WARANGAL-RURAL","Warangal","TELANGANA","WARANGAL","TELANGANA",30963,3,17.95,79.76,true
"WARANGAL-URBAN","Hanumakonda","TELANGANA","HANUMAKONDA","TELANGANA",704570,2,18.03,79.45,true
"WARDHA","Wardha","MAHARASHTRA","WARDHA","VIDARBHA",113759,3,20.83,78.64,false
"WASHIM","Washim","MAHARASHTRA","WASHIM","VIDARBHA",78387,3,20.11,77.15,true
"WAYANAD","Wynad","KERALA","WYNAD","KERALA & MAHE",31580,3,11.72,76.11,true
"WEST","Gyalshing","SIKKIM","GYALSHING","SHWB & SIKKIM",4013,3,27.37,88.19,true
"WEST-DELHI","West Delhi","DELHI (UT)","WEST DELHI","DELHI, HARYANA AND CHANDIGARH",283211,2,28.64,77.07,false
"WEST-GARO","West Garo Hills","MEGHALAYA","WEST GARO HILLS","ASSAM & MEGHALAYA",74858,3,25.78,90.33,false
"WEST-GODAVARI","West Godavari","ANDHRA PRADESH","WEST GODAVARI","COASTAL ANDHRA PRADESH & YANAM",146961,3,16.89,81.52,true
"WEST-KAMENG","West Kameng","ARUNACHAL PRADESH","WEST KAMENG","ARUNACHAL PRADESH",,,27.33,92.46,true
"WEST-KHASI","West Khasi Hills","MEGHALAYA","WEST KHASI HILLS","ASSAM & MEGHALAYA",28742,3,25.65,91.3,true
"WEST-SIANG","West Siang","ARUNACHAL PRADESH","WEST SIANG","ARUNACHAL PRADESH",20684,3,28.6,94.35,true
"WEST-SINGBHUM","West Singhbhum","JHARKHAND","WEST SINGHBHUM","JHARKHAND",69565,3,22.42,85.52,false
"WEST-TRIPURA","West Tripura","TRIPURA","WEST TRIPURA","NMMT",400004,2,23.8,91.37,true
"WOKHA","Wokha","NAGALAND","WOKHA","NMMT",54010,3,26.24,94.17,true
"WRD","Wardha","MAHARASHTRA","WARDHA","VIDARBHA",113759,3,20.67,78.58,true
"YADADRI","Y. Bhuvanagiri","TELANGANA","Y. BHUVANAGIRI","TELANGANA",53339,3,17.42,79.07,true
"YADGIRI","Yadgir","KARNATAKA","YADGIR","NORTHERN INTERIOR KARNATAKA",74294,3,16.57,76.89,true
"YAMUNA-NGR","Yamuna Nagar","HARYANA","YAMUNA NAGAR","DELHI, HARYANA AND CHANDIGARH",217071,2,30.22,77.34,true
"YAMUNOTRI","Yamunotri","UTTARAKHAND","UTTARKASHI","UTTARAKHAND",17123,3,30.99,78.46,true
"YANAM","Cuddalore","TAMILNADU","CUDDALORE","TAMILNADU, PUDUCHERRY & KARAIKAL",179150,3,11.76,79.71,false
"YEOTMAL","Yeotmal","MAHARASHTRA","YEOTMAL","VIDARBHA",128175,3,20.07,78.22,false
"YOT","Yeotmal","MAHARASHTRA","YEOTMAL","VIDARBHA",128175,3,20.4,78.15,true
"ZIR","Lower Subansiri","ARUNACHAL PRADESH","LOWER SUBANSIRI","ARUNACHAL PRADESH",0,3,27.54,93.81,false
"ZUNHEBOTO","Zunheboto","NAGALAND","ZUNHEBOTO","NMMT",29499,3,26.03,94.53,true
